x1,y
1090.497,630.0197
938.0119,597.1674
978.7467,598.3245
980.2221,602.054
950.7736,628.8279
1090.312,628.2604
127.5607,0.0
1000.529,620.5146
1093.671,634.785
943.8044,616.2742
976.8553,625.9377
946.8127,626.2662
979.1475,596.2543
807.9127,466.1502
1094.929,627.994
1117.482,749.8580000000001
982.0598,627.394
722.6183,417.6415
980.6909,628.123
985.0477,630.2202
980.0797,600.2398
977.8209,627.497
982.077,628.6512
1090.391,629.9012
1092.457,627.9354
1091.915,631.1847
965.6962,630.1641
940.1152,615.0901
1093.326,628.0738
954.9241,653.6418
949.9358,626.3849
1089.726,627.4304
85.42036,48.3996925354004
980.2442,626.3609
1090.993,671.7778
982.1628,603.1846
941.9155,627.9731
982.0097,627.1429
950.822,615.2355
1092.805,628.5742
1089.756,628.2326
1108.469,611.495
1107.101,608.8256
951.2848,613.9268
981.4754,597.6403
975.289,599.6714
934.3585,612.2518
1092.475,628.922
1092.44,631.895
92.91124,28.777859999999997
977.5726,598.1978
1093.648,627.4404
943.1084,627.0391
799.8425,554.4244
952.4044,634.4261
1092.03,627.2646
1038.976,598.9117
1090.534,630.8446
1091.108,628.0286
1092.944,635.1708
949.2794,596.8448
980.9966,629.9514
1089.16,626.3483
1088.802,629.981
948.8791,613.6856
943.8759,614.2524
940.3885,612.4172
1089.248,626.1827
1090.743,629.0002
1091.878,627.4752
978.3667,629.9814
980.2347,602.0208
554.091,322.3997
979.4152,630.4697
1092.179,632.1213
950.7409,625.7355
955.9321,628.1893
953.2621,623.5769
1092.777,630.4584
1091.388,628.7659
1094.862,630.4503
983.17,630.2866
1094.061,628.5266
979.4611,601.9604
978.0374,627.8265
989.4502,598.158
938.8819,611.0798
991.559,600.2586
1107.796,610.3512
939.8523,581.7852
62.80687,62.53069
979.1248,626.6651
1089.505,625.0234
1090.463,618.8133
1093.0,629.7206
940.6531,590.0067
962.6533,632.5740000000001
957.6253,630.2449
1090.096,629.6975
952.8337,613.5811
1089.993,628.6851
1090.685,627.1334
998.0625,620.337
67.23422,58.992059999999995
962.6337,631.9867
948.2541,628.2491
1092.327,625.9569
1094.029,635.8331
978.2202,631.4211
968.3574,569.1519
67.23425,0.0
1090.67,628.8903
1092.97,629.2856
951.6999,633.5135
976.4395,601.2574
1092.947,628.8386
95.08356,41.45493
982.2761,599.4238
900.9156,593.5974
982.3478,629.5287
979.9296,600.2801
973.0979,568.8821
97.96006,0.0
1092.359,629.6933
1092.294,630.2747
1089.336,627.7236
980.3441,625.0696
990.6341,601.9323
981.9206,630.8577
980.2763,600.5825
79.89206,0.0
1092.076,627.0211
1087.672,612.2966
1088.689,628.6651
995.8163,628.0799
977.3603,629.6962
950.6864,616.7269
990.2536,603.1931
1090.974,609.9429
116.6881,0.0
979.5493,603.7207
940.0482,612.0631
0.0,80.39123000000001
1089.78,609.7761
1100.487,613.0914
1092.412,627.8495
949.1016,612.0534
982.5065,603.2081
1001.801,619.0171
1089.936,628.9811
981.7224,629.002
982.9417,628.3709
1089.7910000000002,626.8151
950.1514,626.0259
988.0886,597.1118
981.6121,628.5162
951.2839,631.4158
952.1793,617.0101
1090.876,629.7524
1092.206,628.9174
1094.513,628.3851
943.0114,628.4357
1092.466,630.6021
1092.771,627.4974
436.2653,263.4986
1092.026,626.6036
980.2602,628.3257
1095.5,631.2862
1089.662,625.6245
1095.758,627.2053
940.4578,610.6547
95.0958,0.0
1093.358,628.6417
1091.528,631.156
132.6717,0.0
981.9901,600.4392
1093.473,612.1093
977.574,597.5837
980.3403,601.8005
953.7589,628.134
945.636,626.6027
951.7941,629.0446
95.08356,21.16665
1090.425,632.7827
1092.339,629.7298
1087.219,625.5471
105.3915,0.0
947.9345,618.5319
1090.096,628.3998
977.5048,597.4827
1087.876,623.6935
80.8168,0.0
1087.206,625.2116
941.5155,609.7328
946.2106,627.5818
1091.44,633.6653
959.4985,628.3426
1099.066,628.2407
1091.422,628.7558
1091.203,628.5884
1090.075,610.9886
984.0725,519.9684
974.183,625.0225
948.084,627.3807
980.9196,601.2637
135.1753,0.0
980.5704,599.4347
264.504,181.211
949.5508,616.8134
952.4018,612.8281
1092.434,629.7819
973.1306,573.7475
978.2244,602.5199
1091.795,630.3165
1107.059,608.9944
1092.792,630.9119999999999
999.2673,617.6
950.2791,613.1959
979.7795,599.6099
938.6052,540.6456
975.7431,628.5995
113.678,0.0
978.8385,596.1566
952.9779,631.3148
978.1193,599.6447
44.7044,39.96053
1095.214,629.1928
1092.293,628.5035
940.4011,615.5607
1094.816,630.596
946.8682,621.3557
978.1711,600.0446
952.4255,610.9897
68.77492,89.61999
977.2786,628.1143
1105.368,608.7849
1087.63,625.0546
982.3693,604.9772
1090.807,629.3794
982.2467,626.4465
1093.6760000000002,627.6759
950.9177,629.0882
982.463,605.9962
1096.08,609.4055
1091.793,628.3851
1094.68,630.0873
939.4276,612.5468
1099.238,632.2086
94.64955,36.4936
958.5334,630.1151
1091.488,631.3387
89.53206999999999,150.7867
1090.1660000000002,626.3381
982.9304,629.4963
953.6378,626.2305
1089.282,626.3138
941.9421,605.4885
963.6934,629.16
1088.39,627.1376
95.51618,48.39969
1090.327,625.8667
95.0835647583008,27.94357
980.4266,600.7135
1088.615,628.935
981.8917,629.0378
990.3706,602.8188
980.0143,588.4772
981.6661,628.8301
982.2646,629.0256
976.0121,627.4308
977.769,599.1951
980.8187,599.9663
95.08271,0.0
1089.904,612.116
1108.827,608.5364
1093.9,630.0744
951.381,630.8877
90.51274,0.0
979.4443,626.4979
1091.58,625.1574
978.2646,625.3906
1091.109,628.0453
980.419,628.9183
949.2091,629.0745
982.322,603.873
946.9467,611.8103
783.5068,531.6494
978.9451,627.2189
949.4763,629.1602
938.9773,540.8939
940.4747,612.9932
1089.714,628.4898
998.1436,604.5905
952.7077,621.3591
120.4901,0.0
1089.275,627.4018
979.7999,598.9169
1094.276,627.6537
1095.063,624.2411
64.63405999999999,62.48372
938.7833,611.285
948.6196,626.1938
1094.246,610.8148
1093.181,629.4183
1091.761,627.1401
1088.991,625.8992
138.3236,0.0
942.8596,612.626
1089.813,627.7377
78.36086999999999,88.3644
1023.585,586.1634
1094.097,631.1346
1085.343,627.1282
260.8987,163.1564
1088.265,630.7952
1096.86,629.5686
997.085,620.4957
978.4847,631.4651
1092.469,622.9104
1091.865,628.2136
1092.828,627.4708
1092.871,627.7392
429.4186,299.8949
1001.377,618.7827
1089.999,629.7088
997.9048,633.299
952.861,629.4268
1093.152,629.8894
1089.445,628.3536
1089.673,624.6177
95.0835647583008,25.62766
1089.731,629.2698
1112.507,612.6416
983.1784,601.5303
980.2516,600.2184
980.7878,627.398
977.2858,596.023
1085.091,629.861
979.5049,631.6069
977.8431,599.9905
1092.086,626.8969999999999
81.26286999999999,73.93174
367.575,230.0981
1090.046,627.0790000000001
1088.274,672.7269
951.4261,591.5993
1090.307,625.6379
1091.645,628.4739
960.7195,630.6609
982.2128,605.4689
1093.174,627.6432
1094.0,629.3861
942.2227,614.4957
972.1343,629.8298
970.9973,568.7465
957.0968,628.8346
1091.21,626.7535
95.08355712890628,0.0
1109.325,609.9478
971.2105,567.4902
1093.629,628.8001
1092.774,650.0784
1088.187,629.0881
768.5845,537.9
978.6473,598.0084
1092.759,631.4193
1000.493,635.9427
951.7472,625.7945
1085.803,627.1383
975.414,623.6144
1092.118,625.3330000000001
934.8819,611.3665
106.2847,0.0
972.2811,624.1265
979.8765,626.5674
949.8742,630.7372
950.1769,612.5063
1089.797,630.3153
1092.244,629.2435
961.8193,627.1229
975.5904,626.122
939.1179,611.9252
981.697,598.6503
980.9308,593.5055
940.1341,570.9639
1092.435,625.536
1089.561,627.3499
1084.398,629.9057
1089.809,628.8417
979.5578,625.8292
954.6898,610.3209
1093.74,625.6911
1090.372,627.5333
1092.355,630.6689
272.6535,186.9626
1092.481,630.3848
95.80016,0.0
1091.205,628.1322
1087.872,631.1273
1089.034,629.2164
1089.623,628.8128
93.86999,27.51643
982.039,600.5576
1087.328,628.7551
1090.242,627.4978
980.4886,598.9324
949.7235,623.7714
1086.922,626.2954
1091.001,626.7305
1109.162,612.3164
1091.89,637.5298
952.7246,629.3937
945.398,614.1844
74.47688000000001,0.0
977.0838,627.0174
940.5573,612.813
1093.534,627.8562
116.3605,0.0
1089.081,630.4136
1091.035,627.9781
999.5343,622.4516
120.2804,105.6566
1092.152,636.3102
1094.144,631.7881
55.228840000000005,88.25983000000001
1085.836,624.899
939.0555,614.5447
958.9012,629.758
1110.528,611.1737
147.1756,0.0
951.2361,600.4088
991.2619,596.0693
979.6989,629.5308
941.2632,615.4481
940.9235,615.0562
987.3344,596.7704
1092.327,627.8109
1091.299,626.7529
1091.025,626.8425
982.0478,624.7458
982.3822,630.6483
1093.475,628.3561
1091.178,627.363
205.57,163.8777
110.2581,0.0
1089.341,631.653
939.4415,613.7764
1094.954,630.9755
947.4664,626.4772
1091.622,625.9935
955.6295,628.964
958.7151,627.3724
980.1201,627.3666
978.2717,602.5364
952.9738,631.7923
1095.691,632.5607
1086.1989999999998,625.9708
1091.08,629.4456
978.0208,599.1357
981.1617,598.7581
969.311,569.5505
979.7784,628.9730000000001
1089.308,607.8798
1090.559,627.2249
953.8098,632.3826
963.3292,629.9643
134.46847534179702,0.0
110.8548,0.0
980.7491,599.3895
979.9501,626.8301
1093.869,627.558
951.7112,623.2806
981.8597,604.7769999999999
1089.441,624.5963
980.2089,597.2866
1092.266,629.7571
1092.536,626.4339
1095.116,626.5186
981.9904,627.3298
979.1777,623.9684
95.02928,0.0
939.4567,599.3983
1088.975,627.1834
1106.72,607.8084
94.95828,27.943574905395497
1097.756,606.5022
978.3153,634.0338
1101.498,629.4324
979.2714,627.6893
102.3352,96.04205
974.4185,594.9254
952.1735,630.5555
1110.9,611.6082
981.0366,596.4867
1002.175,611.2616
1093.255,633.7173
960.674,627.707
980.4819,601.2781
1089.273,629.6649
129.5797,0.0
948.3091,624.913
1089.732,626.7227
1087.281,626.1041
980.706,599.3058
1089.0839999999998,625.7495
600.2147,345.4825
1105.022,605.2209
948.9087,631.9692
1089.536,625.861
962.5499,629.9836
999.24,644.7957
948.6068,627.1691
1091.601,629.4391
976.8662,628.3547
1091.531,630.7567
959.8367,627.6912
1088.761,627.3021
1090.72,625.8566
1092.749,629.3686
979.4968,631.1848
1085.207,626.0444
946.3938,610.2073
1058.21,607.4821
1106.431,609.618
1095.366,626.3541
1089.668,625.9225
976.9029,598.4755
1104.85,613.0492
1085.755,628.1759999999999
726.6908,415.1354
950.3124,626.1371
1086.576,605.9623
981.1651,598.3696
1090.107,627.7971
615.4438,354.3669
902.1628,591.693
953.0499,618.8292
197.1847,154.0316
1090.495,630.256
961.7178,630.7838
1111.04,610.9857
1088.24,629.239
95.09221,0.0
1087.463,626.7731
1091.82,627.8828
977.3135,629.4944
976.4772,624.6497
1132.352,738.0228
989.2766,597.4756
999.2371,628.3498
1092.545,627.6859
979.209,600.0303
95.08356,0.0
1090.259,627.8041
1092.068,627.4944
1093.01,627.2344
974.8183,601.6306
1091.485,612.3471
948.9954,626.2361
964.1647,632.0588
1095.237,612.7646
1087.812,629.5875
981.1011,630.3224
1092.061,628.1132
1092.923,630.6199
95.0835647583008,8.407736
1092.587,630.2775
981.4529,601.1307
978.5711,627.0822
980.5818,602.3218
1087.383,627.8061
951.0611,615.8847
951.9692,636.6499
995.8435,616.4813
981.4811,626.8713
1089.78,628.0576
947.6829,633.8038
1085.406,630.649
163.741,0.0
1083.706,627.536
1087.115,626.2304
206.2752,164.5514
980.5186,630.0641
103.7916,0.0
95.0835647583008,0.0
1088.853,628.2569
978.3727,600.7902
1094.464,628.8292
980.9047,588.4172
1093.452,628.0628
1086.836,623.0877
1100.365,646.4799
980.8615,599.9046
972.1965,597.4069999999999
1085.912,627.5113
1107.47,611.8894
951.0222,628.5988
1092.254,627.8341
1090.39,626.4398
962.6934,632.0953
947.9315,625.8229
997.7422,633.6763
1089.583,629.4899
951.5143,612.4212
933.8779,612.3923
949.8038,624.8527
517.5833,338.2792
948.0728,628.7407
992.4175,601.2088
1090.0839999999998,625.6756
949.877,629.0922
968.7394,566.4653
948.8198,631.1246
983.8158,630.798
1089.528,626.5897
944.2454,596.0593
979.6738,598.6913
990.4866,601.1884
1087.585,625.0335
1093.565,631.8685
950.4499,610.7317
1101.612,609.0771
982.895,628.7509
1091.244,623.3897
1095.558,630.9511
995.9349,628.5752
142.5778,123.9999
1093.91,628.1991
981.5215,596.567
1089.365,626.9051
1089.113,626.8224
107.3498,3.3165199999999997
1087.109,606.2632
1091.121,625.9492
983.5612,600.2327
1092.757,631.0176
1093.102,628.6186
1089.592,629.7032
1106.393,611.0346
947.6932,626.4037
981.525,628.2353
83.18126,0.0
950.0807,628.5509
1111.383,612.4001
979.124,528.0981
781.7415,504.7784
1002.276,615.9195
1087.881,617.2438
984.1017,599.3198
1090.733,633.09
1088.414,626.0999
977.8775,624.7303
1091.135,627.7535
983.4352,628.1352
951.6741,628.6132
1091.782,627.8641
1089.156,620.9489
981.7906,626.345
1089.078,629.3027
470.2875,273.2119
980.3297,624.8928
950.8641,611.293
1091.765,648.455
981.9259,600.3224
1092.091,627.3464
99.69181,96.70963
981.8535,626.2769999999999
1086.849,624.8134
1106.443,608.3002
979.9843,599.4318
982.4854,599.891
1084.424,626.4889
982.3168,629.2099
941.4194,582.6255
984.1822,629.283
980.1896,601.0676
997.0238,629.9708
987.5006,598.9052
974.1639,624.7628
1114.385,631.9937
979.6555,625.2421
204.7982,116.1959
1093.115,630.0858
941.6415,613.1551
70.28952,67.09146
1106.249,609.3371
1108.263,608.7161
983.2586,589.3596
1089.711,626.9905
1093.06,625.4597
1091.906,626.616
983.2284,597.436
978.131,598.1977
1090.432,625.8041
1089.297,629.2804
1099.463,605.4496
1092.599,626.3897
1092.888,627.9159999999999
1091.543,627.6677
1086.387,630.6364
1089.883,627.4299
980.5773,632.6125
68.89911,0.0
1094.509,632.3459
977.9633,628.4016
1113.362,725.2147
951.3942,629.8964
1090.394,624.1516
1093.451,631.8883
939.8863,580.9109
951.5939,614.2230000000001
976.7316,586.0498
1088.607,627.6758
0.0,88.36534
1119.005,764.1408
954.08,629.9033
962.7811,626.7555
1111.094,613.5377
75.96330999999999,0.0
95.08355712890628,0.0
950.6558,612.5822
948.8054,632.1219
955.5389,629.1401
1085.957,622.6061
983.6948,601.2253
1092.466,617.8397
948.3195,611.1382
134.468444824219,0.0
949.9142,630.4011
95.0835647583008,0.0
979.0377,602.7154
1092.556,629.7947
942.1125,579.3541
1093.104,630.1845
1092.997,627.7961
1094.141,621.1022
95.08355712890628,0.0
949.2338,591.3417
1093.138,627.4916
116.4436,110.2431
938.06,613.7889
273.3436,207.1578
979.7126,597.6196
1092.471,627.6115
1095.513,627.1494
983.0556,626.5029
1088.805,628.5367
959.6307,628.6683
972.3101,625.4968
979.0938,598.7679
141.1476,129.1407
946.4077,615.8634
1089.208,625.5493
946.3181,622.3458
941.5369,613.9174
1088.908,629.7838
981.5041,600.5383
983.9222,632.1111
979.764,600.1378
137.4935,0.0
1086.906,605.6246
1000.487,630.6131
982.4357,603.1163
1089.853,628.2518
949.9466,627.4388
938.1307,602.8268
941.2458,612.8403
975.5671,598.9041
1091.66,627.1616
948.1489,627.7569
953.0406,615.8834
982.2235,629.8236
974.7255,625.0371
1090.488,626.6706
982.507,638.9319
95.08355712890628,0.0
982.2892,628.4781
1095.486,627.5782
976.4235,596.2517
1088.81,626.4293
120.455,97.43903
91.62465,0.0
977.6758,624.906
1092.261,626.3997
981.6077,598.0724
1091.366,628.7584
101.3528,0.0
947.8346,624.9267
1104.777,613.6586
983.4967,629.6696
96.25044,27.94357
981.8018,627.2435
526.5397,331.3232
1092.8,626.9316
975.1455,597.1301
954.1608,615.7802
1092.708,630.7354
94.08943,0.0
1090.774,625.9385
1091.623,626.9363
27.420209999999997,88.36534
946.9852,622.3257
1092.11,627.1719
979.3686,626.6507
1090.784,630.505
952.9747,627.5891
1086.659,623.453
952.1082,627.2719999999999
981.5983,628.8239
1091.114,627.0703
1092.121,628.1357
171.6658,85.66932
133.6781,117.3442
976.9277,598.9099
938.797,612.9528
114.4796,88.61131
1091.89,627.5952
982.9854,599.6841
1088.847,624.0861
1093.598,630.79
95.42334,0.0
1092.526,627.5287
91.70125,0.0
1089.458,629.5209
948.2908,628.4974
1089.804,685.1333
980.358,627.0002
95.08356,0.0
1091.104,600.1885
1096.253,627.2363
903.2928,589.556
1004.9,618.8729
960.5086,630.563
1095.718,627.6337
1089.908,627.3846
991.9815,600.1119
980.0463,599.1446
940.5515,612.6992
1092.372,630.1121
977.5811,626.3658
939.0448,615.996
1087.603,629.2330000000001
1092.186,627.8001
260.7292,138.5144
1092.39,629.1337
1091.998,630.5734
982.1379,628.4122
979.6772,598.3392
113.6069,0.0
1090.236,629.7339
980.7231,626.67
980.1306,629.2164
979.6656,629.4215
950.8079,616.2571
978.0715,628.1841
1106.447,607.1638
1087.963,627.535
988.7438,599.2578
95.06516,15.12272
1088.9160000000002,628.0669
981.1527,598.8995
1091.982,629.1998
95.0835647583008,0.0
936.0845,610.0303
1088.174,626.8028
950.2029,627.0299
982.3929,601.6077
979.7419,600.0991
1094.479,630.7067
1091.4589999999998,628.5175
998.6281,630.8022
1094.056,630.001
1111.796,608.6080000000001
940.2211,615.2344
975.8347,622.0509999999999
950.3074,622.7526
1095.622,627.1312
126.0121,0.0
95.21101,0.0
1089.92,629.3530000000001
1092.7,627.0568
961.3843,629.5155
982.0953,598.6845
1090.006,629.1068
980.6965,628.6391
1105.918,610.7242
961.0759,627.1818
981.4078,599.08
777.5609,503.7121
1093.869,632.4869
979.3214,602.4575
1092.234,628.0203
938.4041,611.5753
999.1057,629.6566
947.9047,613.4342
980.6334,627.8953
981.6376,598.9765
1100.306,609.8334
977.4337,629.439
1095.123,630.9114
948.866,626.6494
950.0305,623.2033
981.1122,628.317
945.8152,626.9705
976.0575,595.0258
946.8646,626.4571
1089.869,628.0834
948.2694,625.3380000000001
980.7274,627.3956
1088.869,628.7087
1093.556,632.034
117.4984,96.80905
1093.596,628.0629
961.2792,628.7432
1106.285,608.45
94.98109,0.0
940.7322,614.1365
949.6462,623.6442
943.6683,613.28
947.14,630.2546
1089.238,628.4874
1104.509,608.4829
1092.579,627.5594
70.33929,0.0
942.8627,612.0949
981.1561,598.9995
948.5822,629.4717
1092.635,628.6164
980.3276,539.0508
1090.001,626.1198
116.8399,101.7274
984.0914,634.1227
1091.793,626.6075
937.9884,611.226
134.4728,0.0
1091.092,627.6349
979.2097,622.7896
982.6376,627.5627
955.7663,626.4537
979.5081,599.4296
1092.432,625.5241
938.5108,611.7978
256.8745,182.2158
131.2642,116.7085
942.9649,619.9315
951.3131,627.6362
1091.34,626.8022
1093.219,625.4736
1089.756,627.304
1093.352,626.8362
977.6035,624.8298
947.2534,618.7759
983.781,630.5242
1175.943,611.3351
1092.731,630.7773
951.5612,625.8879
1087.479,627.179
1079.711,618.0276
946.8188,623.0849
1095.329,628.0231
960.8105,627.0008
979.1111,626.0903
977.186,597.3804
1091.255,658.9722
984.8607,627.3387
959.4447,586.7711
1001.497,615.5848
960.3451,627.1601
124.2026,0.0
979.1287,598.9005
1092.667,629.5482
1092.621,628.819
1085.631,626.0868
95.08355712890628,0.0
979.492,623.5952
1000.167,632.2456
980.1385,627.2569
49.21624,113.5259
978.1243,625.5039
941.2977,590.7814
982.4322,627.7441
983.2054,630.4472
268.8956,151.2908
977.5123,625.637
139.9981,0.0
404.2995,248.3786
1096.056,631.1387
940.9164,615.533
1090.983,608.2461
949.2847,608.1439
1095.841,627.7661
984.1116,599.7395
979.1797,600.1109
950.3502,630.928
961.558,628.8849
949.8225,628.8212
950.5606,629.9411
1094.626,611.8112
949.866,592.7585
898.6652,588.9604
1090.665,625.6961
947.0133,627.4615
983.2658,629.7381
1088.623,627.2703
1090.076,630.7648
98.91727,0.0
941.0355,614.0294
115.9969,79.42948
1091.829,626.0074
1091.823,629.6843
493.3196,346.227
976.7694,628.3624
979.3146,598.9763
1090.3239999999998,624.8802
982.2378,587.8267
1087.386,626.8918
978.6711,627.7957
1089.552,627.765
1092.196,631.3575
953.7003,618.1301
1087.533,628.2156
95.10999,62.99801
534.5763,289.3937
984.6942,629.8329
980.3635,603.155
63.99618,90.85603
1091.461,627.7702
980.6403,599.8062
948.1842,630.8701
1102.923,611.0103
944.3841,616.6799
953.6674,626.4714
1092.248,627.2488
979.4468,626.1595
1089.028,625.9443
1093.647,636.6055
1092.887,630.3994
1092.922,629.5018
939.4972,564.1164
949.3117,627.8986
978.9356,598.0932
1000.228,623.0196
1091.382,629.7946
95.08355712890628,0.0
940.2615,613.5659
116.4531,0.0
981.0878,629.285
978.9418,598.5498
1106.9,611.669
1090.773,627.3335
1087.747,627.4233
1089.989,631.8185
1089.782,627.7056
1109.458,612.5219
1091.935,627.4935
958.96,629.1419
951.2858,626.8262
1109.858,608.237
949.3484,626.2105
975.0833,600.4907
951.9296,627.9252
952.4929,625.6118
440.2079,260.0977
1107.695,607.509
123.7805,102.6529
95.08356,0.0
983.6959,629.6359
1095.9489999999998,630.1042
1091.138,626.4919
979.5621,600.6382
466.0057,268.9073
1087.294,627.7103
976.4321,628.5698
1107.052,611.243
1092.643,629.6051
979.2601,631.7338
946.891,615.3033
122.4379,96.79939
983.6042,627.0598
941.6972,603.1246
977.0601,627.753
952.7075,601.4159999999999
1086.442,627.9865
961.197,628.8218
978.9473,628.5993
975.3008,598.7693
1111.609,609.5703
1110.883,610.1234
1093.116,628.5744
1088.845,625.0897
981.4757,627.4949
1089.135,627.6823
939.2311,610.1465
1107.553,612.3065
949.1818,607.5202
1091.548,626.4982
954.8129,613.8593
1091.743,631.9092
949.8641,621.4831
1092.637,625.234
974.9235,627.3641
949.0679,610.9666
1094.735,630.4406
979.656,627.1398
978.29,600.7285
1112.391,608.5316
991.3919,606.8794
1087.923,628.2373
1090.492,626.3661
1108.421,615.1395
978.4451,597.5169999999999
942.6514,592.3931
980.4468,599.0002
980.3544,627.8076
1108.335,610.9591
982.2735,602.4389
969.258,568.5914
937.0431,555.6374
979.7104,628.4835
982.252,602.1418
1088.767,627.5978
978.4425,626.0312
985.7864,602.2712
979.6542,626.8391
1000.711,634.3335
966.5356,567.1265
979.2109,626.8821
1089.437,627.6246
1089.99,624.3232
1090.415,628.2634
1091.312,628.5486
978.9009,600.8022
1087.853,628.3352
981.2644,602.5839
0.0,96.7993850708008
938.1855,613.2018
981.0463,600.4622
982.8893,634.5167
961.8167,628.5539
1086.862,627.5742
1091.0410000000002,626.9589
983.0874,601.6483
1088.143,626.4403
118.2636,0.0
1089.754,627.6569999999999
67.23424,0.0
979.0648,627.3011
1089.657,627.2106
977.6315,601.0022
942.1114,611.3798
1092.813,629.4608
981.7552,628.5722
983.2645,628.4577
982.1169,630.1575
1108.827,615.8989
95.08356,0.0
960.3554,625.7538
1099.419,630.7072
1091.208,627.821
1096.999,624.0118
981.7655,624.4418
1089.846,628.6188
1088.158,626.2203
979.0847,602.3467
978.9987,628.8262
63.35106999999999,74.37437
979.2277,625.9199
961.8297,632.6896
1023.04,587.8342
951.6071,628.3279
977.8107,625.3174
943.7521,613.3787
1085.368,630.8712
981.7699,597.197
1094.876,630.3091
978.7404,626.7713
976.8381,623.9680000000001
1002.926,629.4612
1095.406,631.0199
1089.723,626.3883
1092.84,627.2106
949.6102,628.7288
1090.741,628.6659
949.0911,628.4193
958.6115,626.7498
974.2891,628.3388
1090.948,625.715
1094.221,629.144
980.7584,631.6906
982.027,628.8345
113.0713,0.0
980.3135,624.3121
1088.311,628.1838
902.2207,588.2442
1091.133,626.0873
982.105,628.9981
983.3292,631.0133
981.4868,632.2187
981.5054,601.1917
942.3024,590.346
1089.598,627.4871
1092.138,630.2230000000001
951.7768,627.2386
951.379,641.2181
1091.764,628.9993
1091.303,629.8143
978.2187,601.4668
74.61539,48.75078
978.5082,627.1357
1090.705,627.1027
113.0372,0.0
1090.018,629.1596
95.08355712890628,0.0
937.3071,610.5876
938.9249,613.3108
95.08355712890628,0.0
959.6161,627.7661
1090.073,627.7729
463.3159,281.9909
977.4627,599.7181
1091.58,627.0108
1093.19,629.9145
978.3746,598.5264
1094.163,627.5533
1088.543,627.0856
1109.928,609.2964
1093.807,629.5516
949.3903,609.3817
938.9868,612.4697
1092.349,626.2817
938.4857,612.2672
981.2972,630.043
979.8071,600.4166
988.9575,597.3589
979.2467,626.3927
1000.974,626.4249
1091.947,628.3412
1093.2,625.255
948.8055,628.9628
974.9008,598.4635
1107.21,609.7668
980.2355,632.4354
1085.526,626.1735
58.43756,30.39445
1088.785,627.3336
440.8469,286.1338
1090.569,630.4578
946.4122,611.1324
508.511,289.9735
111.1864,0.0
1092.469,625.3323
978.1074,627.3826
972.5768,568.2109
948.588,615.3863
951.3735,628.3333
116.028,0.0
960.0079,630.0464
940.3401,609.0269999999999
1086.886,627.8448
1097.093,630.6907
1091.341,629.2719999999999
1089.705,626.4221
1087.031,607.1193
990.821,600.9663
982.3706,597.5655
981.304,601.8279
1091.386,629.9747
950.2218,628.1333
1091.607,625.9057
99.64143,0.0
951.77,629.0405
1087.904,630.4985
946.9695,588.7357
977.3215,601.8398
961.5212,632.4564
988.9085,598.2822
95.08356,0.0
979.6649,628.5217
1093.107,626.9722
1099.517,613.4471
1091.383,627.3497
980.8038,628.207
959.6815,629.2235
947.3064,611.0905
978.6396,629.6281
948.2267,629.6021
1091.446,625.91
979.9468,632.3624
1088.471,626.2316
1090.174,625.5607
977.0193,629.9484
998.8315,632.6285
1091.787,624.2686
81.59591999999999,63.373000000000005
1091.661,627.83
1086.514,621.0787
1092.005,629.0516
1094.089,626.8431
1084.872,625.3926
1092.539,618.3981
977.1129,595.6008
1092.135,628.4907
980.0741,599.8802
979.2623,598.0193
1095.033,597.0153
979.5938,589.6967
981.4086,601.663
1089.986,627.4985
958.5706,626.1993
980.5813,600.2914
964.298,628.5707
1089.521,630.5531
1000.164,641.5575
980.5343,626.6597
1093.092,629.6664
1090.934,628.7102
985.1834,628.1613
1091.739,628.592
1094.675,627.9693
1088.249,627.4717
1092.659,627.8388
67.2342376708984,0.0
997.0352,629.3081
1093.353,629.7648
1091.817,628.8496
1093.099,630.5435
983.4019,635.9966
939.0954,613.8011
95.37759,21.95911
982.3688,599.966
1106.847,608.6547
949.1031,626.9348
1095.657,629.4166
1090.521,630.1449
982.401,632.6461
234.8828,211.8012
897.9256,588.3835
1093.604,626.7003
1092.121,626.3351
978.78,585.0367
433.4074,237.2876
977.0738,626.8596
1108.701,608.8375
116.1491,0.0
897.2346,586.3718
1089.288,627.7023
1090.9,629.4073
942.8504,613.2148
979.5085,600.7747
1089.33,629.6338
1089.804,626.1537
1088.54,627.4157
979.2839,626.9324
962.5369,631.0886
1090.196,627.119
1095.064,630.4647
958.3257,624.6619
1092.078,627.2335
978.9396,628.4911
1087.919,626.2287
950.3311,614.7701
1092.235,637.7298
1092.711,630.6174
1106.025,608.9202
1093.224,627.8334
1089.548,624.2302
131.596,0.0
1003.177,617.6298
1094.318,631.1178
1104.411,607.3647
954.3792,629.5978
95.08356,0.0
987.301,597.3994
921.3538,589.4827
941.0568,611.9846
1096.496,628.1635
957.0594,624.9231
93.2412,0.0
941.9761,562.8556
1091.968,629.4632
957.546,635.7106
977.8428,624.8448
948.8699,610.1821
1093.878,629.1953
951.2921,626.8386
67.2342376708984,0.0
980.6559,628.3009999999999
1093.448,626.8517
977.675,600.6277
98.68429,97.20426
1096.43,630.0386
945.4754,584.9866
951.3371,594.1561
64.78387,62.48372
1088.647,627.6615
959.756,631.6863
1089.672,627.5588
1090.527,598.7789
950.3195,627.1088
982.6812,627.5358
1087.099,627.4763
1091.059,630.0522
1092.152,626.453
1110.559,610.3524
954.7964,615.1161
943.3819,611.6862
979.8364,598.6149
1092.732,628.087
1092.112,627.8474
952.1605,612.4
1089.215,632.1245
982.3341,600.5364
1084.495,620.7998
727.0675,416.9344
1106.431,606.9699
1086.117,623.2539
1094.4,629.0024
1109.569,611.5963
1088.355,628.8968
67.23424,41.68573
85.10217,88.21513
425.1187,251.5502
1086.795,621.9201
95.08355712890628,0.0
544.2611,352.4526
1089.773,645.9391
1000.968,606.2383
1109.105,609.2517
983.262,601.781
976.5134,628.6978
1091.758,630.597
948.8137,629.488
1111.095,613.1136
1057.534,610.645
1089.594,609.5472
979.1743,588.8818
941.4417,611.7674
1090.034,629.1375
1088.189,627.3751
1091.609,629.7184
975.576,629.2434
147.3381,0.0
1091.353,627.3288
1092.845,627.4418
1089.16,626.611
1024.171,589.3858
1089.655,630.4641
1090.578,628.289
134.6754,0.0
1091.413,627.7241
1094.265,610.734
1089.795,629.0
978.269,627.3679
979.8138,596.5087
945.6613,623.475
1094.798,629.2194
989.5063,598.1395
979.7542,602.3975
980.5062,600.6353
439.9194,271.763
974.7389,625.6734
1005.552,634.49
996.4257,635.4224
1092.045,625.8516
1088.876,629.2593
979.2317,597.9659
1089.058,625.6949
1087.618,623.5552
95.08356,0.0
1097.581,630.8129
1087.776,628.9973
980.1387,627.0923
1090.005,628.3387
983.5824,630.3861
1089.446,627.0168
952.9557,613.0646
67.23422,0.0
1092.278,629.4861
963.2519,631.6457
1091.931,631.5145
981.4373,604.2471
976.3843,628.4194
950.5648,627.4073
1092.853,627.9368
724.5911,414.8276
91.52599,0.0
949.769,629.249
1087.538,627.575
968.3882,591.3742
982.9215,599.6511
980.9442,627.9418
939.179,610.9457
939.2689,629.1096
981.1234,627.8583
977.3352,626.788
1107.781,610.4374
945.9973,609.6115
116.0126,0.0
1090.82,629.518
1093.81,628.5249
1092.423,626.0352
985.2621,628.6429
901.5727,586.7607
1092.373,627.6005
977.1227,585.9821
942.8058,623.1506
1092.011,628.0938
960.0377,629.2230000000001
79.23891,48.39969
1096.608,631.3969999999999
1108.22,610.5544
122.2413,33.74967
1093.677,627.0971
1094.876,633.0277
1092.531,627.9697
977.7504,628.5182
1091.825,625.5005
1092.628,625.6539
1105.1989999999998,607.9721
943.8406,611.998
950.6575,615.4802
1091.224,629.8215
95.08356,0.0
947.7722,624.9385
95.08356,0.0
1091.095,625.4425
978.4487,600.3851
997.0377,630.2557
975.4631,625.0941
941.8014,609.1885
1090.651,624.9393
941.2916,609.2649
979.4902,627.6342
1091.008,629.9543
1095.4160000000002,627.1904
1090.897,627.3201
979.425,428.2616
1094.456,634.1084
1088.258,630.5403
1090.443,628.9967
1000.48,638.9747
1085.089,625.2168
1090.919,626.0074
980.4518,633.3224
1088.716,625.4590000000001
1094.494,627.7389
1069.515,611.1167
982.0908,602.2417
1091.78,609.1175
105.3099,0.0
1093.721,630.5727
1099.331,610.6318
4.955095,81.07525
979.0418,625.6036
988.9238,598.9141
1092.477,629.5092
980.23,627.7461
981.2008,602.0811
949.3007,615.0601
942.1012,627.3214
1092.367,627.5015
1091.4160000000002,627.3945
982.879,603.2815
1093.384,625.2355
1092.905,625.2555
67.23422,48.46247
950.0694,630.4011
979.1381,627.5558
1087.896,628.6877
949.7551,628.6523
1106.942,612.707
977.0372,601.0713
1089.813,625.8283
67.23422,62.4837226867676
988.9536,597.8264
70.86786,43.82858
1108.103,608.2776
986.7389,595.0613
960.0868,628.5963
1089.175,628.0171
807.8789,608.3596
1087.723,630.1771
1096.802,607.874
978.3028,625.7947
991.247,597.3726
1106.768,610.5339
1089.385,627.1
1088.644,629.4437
1090.014,626.8342
67.23422,0.0
1001.575,616.4032
982.7883,630.4167
947.6152,630.898
0.0,82.20544
67.23422241210939,0.0
616.0863,356.3584
1111.735,609.0945
980.6341,628.0912
953.7574,633.6223
982.4419,599.5651
1093.271,627.3171
1091.951,608.3217
977.5051,631.7725
1088.788,629.8774
978.0482,597.3711
1089.983,627.6516
985.0536,628.5573
1090.602,627.8505
939.8341,627.4132
979.0701,598.9789
982.0383,630.3656
949.9174,629.245
1095.56,628.7368
116.453109741211,0.0
1087.68,627.2338
140.9343,9.80813
982.7206,630.0551
959.421,628.6042
950.916,628.9843
1089.485,626.9533
947.6213,612.8041
1090.976,624.8998
974.8726,625.6636
979.2355,598.0364
1093.655,629.7112
1093.867,629.033
1093.133,629.8042
1092.714,627.7564
1038.05,598.052
1091.554,631.1179
951.2083,610.1275
100.9696,0.0
1108.458,611.2336
1096.071,628.8563
772.7867,503.0523
981.22,599.5657
979.7358,629.8638
195.9794,158.6457
1093.142,629.4903
981.5074,629.9984
943.2126,614.4845
1091.507,627.4918
990.653,597.5708
1094.045,630.09
980.8939,628.2368
941.5917,613.8685
1086.983,627.9763
940.5865,612.4268
1087.862,625.9732
946.7773,637.9194
142.2491,0.0
1091.277,627.0098
1089.712,625.3755
939.4413,612.3898
1089.4160000000002,630.0828
1090.71,623.7636
901.3313,588.2461
998.4749,628.8296
1093.0410000000002,628.0787
1089.786,628.6865
979.8682,620.3401
34.223420000000004,81.20669000000001
1121.747,761.8267
946.3879,630.4156
1092.117,624.0604
1094.147,628.1542
978.9147,599.3569
975.256,628.9172
115.979,0.0
1089.329,631.0803
970.037,568.6622
1091.877,631.3775
942.3458,624.4767
1092.779,627.4515
972.0873,622.7042
951.4994,628.8307
77.48461999999999,123.8447
1088.642,609.586
1089.7,629.2481
1088.71,629.9608
978.2147,633.1115
1106.5410000000002,611.3129
990.9745,604.4006
78.33804,48.399684906005895
1087.245,628.5568
134.4684,0.0
103.3532,0.0
972.5548,626.6219
945.7716,625.616
771.3352,492.581
979.3677,598.1248
1000.656,622.3842
1091.363,627.72
1097.354,631.3299
1091.982,627.4953
979.8844,599.4833
1104.685,605.9896
1106.783,615.305
978.4321,603.0731
980.3036,629.1396
77.51545,132.6087
979.6584,633.2593
984.2588,627.8811
1095.102,630.3813
999.9927,629.8633
1108.095,612.6456
1093.438,630.2468
68.44076,79.11537
116.4531,0.0
1093.582,628.2478
376.4899,279.6602
1058.336,609.6229
948.0154,626.9475
950.6535,628.0509999999999
1097.257,628.7214
977.0376,597.0435
983.5023,600.386
1093.158,628.0376
1089.278,628.5804
1092.873,629.3444
982.8947,602.5830000000001
949.821,567.918
934.2689,538.2443
979.4056,600.9752
967.3749,633.0658
104.1687,0.0
981.6696,629.7344
1090.683,627.2446
1092.128,627.8762
938.4597,609.4409
1090.631,629.1934
980.3708,597.9314
1089.221,628.5634
976.3793,621.9965
1000.596,615.3591
980.2543,599.5866
981.7288,602.9399
1108.885,606.8046
944.1537,625.9694
1089.938,626.7374
1089.969,627.5895
981.8361,628.6501
1088.137,625.178
1094.127,628.0259
1090.029,627.5155
1092.024,628.0508
1091.987,627.6329
980.6724,600.3059
113.4826,0.0
1091.511,629.1229
1087.263,625.5775
981.3798,630.0195
978.0568,628.0139
974.0469,598.7148
91.10792,0.0
1093.133,628.5848
980.1232,600.7651
1089.679,627.2668
1089.828,628.7769999999999
946.079,609.9296
997.2046,620.9374
95.0835647583008,0.0
1093.612,628.9048
978.2726,602.0203
978.8032,599.1721
979.3085,600.4247
978.6344,601.5446
1090.843,631.2864
1095.928,628.5154
1092.067,626.5554
1092.431,629.7759
983.1448,599.1959
1089.364,630.1323
1104.347,610.3047
1111.873,610.7896
944.7667,609.3107
1091.29,631.4314
993.387,600.3578
977.2975,597.6667
1094.814,627.6961
960.2898,629.1068
1091.028,625.0663
1091.1660000000002,612.2733
1092.754,625.0216
1091.808,626.1713
1092.571,628.3377
135.7109,0.0
968.7319,567.3281
980.1792,627.3426
1095.21,629.476
1092.811,626.4265
950.6619,625.0746
980.4783,602.5526
983.0312,604.1469
1090.391,625.4761
1091.765,630.1244
976.9988,631.5074
100.4646,0.0
949.5093,613.2276
977.4225,626.9929
1090.475,581.7335
984.3956,600.244
1093.565,628.7405
990.2296,598.8832
1090.735,626.4646
1109.427,610.8286
981.2385,627.2786
1091.536,629.2761
980.8271,599.163
1110.6660000000002,612.2003
978.4227,626.2636
439.5334,261.2714
950.4619,629.4199
116.3748,0.0
67.23422,62.50377
978.5299,628.1973
1090.482,675.3846
1090.454,597.735
970.6755,574.24
1089.732,629.3668
230.0313,204.0809
1090.214,625.7241
616.1688,355.9884
978.6281,600.7141
1088.528,629.9645
1090.988,627.4865
980.7978,629.1797
938.9589,538.9304
1089.337,624.9434
1093.456,607.6188
898.738,591.2837
1096.099,632.9943
976.0037,625.4833
1090.83,630.2817
1089.803,627.8308
989.4387,599.5543
983.9897,602.4943
131.7971,116.5514
977.9443,629.2185
939.1733,589.5803
940.6877,615.6343
118.9437,44.56074
953.6907,629.7572
992.0746,599.6313
1088.295,634.7078
947.3978,618.7931
1086.958,624.931
1087.739,626.1824
1088.409,626.8997
1087.132,628.2722
1089.52,629.1812
953.5207,622.3564
977.6962,596.4569
950.9935,630.4056
116.4531,99.9093
947.6274,612.2401
949.8467,629.0656
1108.626,611.8488
137.333,0.0
977.9196,600.1965
1092.693,628.0366
1089.233,626.8702
951.9697,615.2547
93.82716,48.10001
977.3721,626.719
1089.4589999999998,629.5479
949.5203,613.6397
980.4614,599.3819
938.725,612.0137
982.3368,602.4373
953.038,624.1782
943.5467,614.565
980.7008,630.2901
1088.5510000000002,626.6878
1096.722,626.533
938.388,614.1503
1091.181,628.0275
1089.818,625.8536
1110.61,599.5887
949.5916,626.8751
979.7301,628.6171
1090.641,624.4554
1088.149,624.8311
1114.52,607.4741
95.08355712890628,0.0
1090.974,626.981
1089.8239999999998,627.9785
983.4985,597.7449
979.4568,601.7762
1089.547,627.8668
92.66838,0.0
1092.831,626.888
132.8428,110.0599
95.0835647583008,0.0
1090.57,628.9949
1089.374,628.1699
1093.238,631.2176
984.9395,628.7779
985.385,632.1741
1109.854,609.7122
1088.818,627.1726
1109.333,611.6183
89.57993,63.13276
982.9681,631.3881
1089.498,630.0488
1110.852,613.5818
1089.579,627.5034
1087.203,622.2802
968.4324,569.0462
1093.902,629.7632
1089.108,635.4906
977.3667,598.6818
980.0251,629.6753
979.6161,601.149
950.4103,628.7722
978.1565,597.7629
1094.047,631.7911
978.8206,628.9882
960.381,628.2959999999999
955.44,623.3373
1107.224,609.7478
982.9422,604.3194
1093.188,628.0641
939.1027,612.2629
978.4798,599.4276
982.7468,598.6335
1092.794,629.6324
1088.265,625.8958
1091.319,626.5994
1001.745,634.7498
1090.2,626.0619
1090.806,626.1339
1091.381,632.4045
977.977,623.4218
1089.372,625.3498
1057.831,611.1707
948.3884,624.7379
540.3428,348.6923
95.08356,0.0
1089.491,623.1399
938.9999,612.2913
978.3487,625.4155
1089.855,626.4247
257.8029,154.789
980.7841,628.3737
949.1382,610.6987
961.7061,628.1609
116.4531,0.0
1088.909,628.2086
983.1417,602.5895
1117.841,750.6705
941.5646,614.3228
948.0897,586.714
1084.913,625.6298
116.4516,0.0
1091.967,628.5202
1089.648,629.3240000000001
953.3231,631.3672
557.0082,320.2261
1068.364,613.985
983.3185,596.8334
1092.085,626.3853
987.9641,597.8074
1097.691,630.8304
980.4947,602.0569
975.7885,628.4344
977.5974,628.1893
953.7713,619.5612
1087.552,628.0503
977.92,601.1273
977.2133,602.7847
1090.016,627.2447
0.0,80.08816
1107.704,609.1348
948.4188,627.7984
1089.915,627.9688
218.7067,137.6119
793.1544,510.1951
1088.839,625.5246
1090.954,628.1152
1093.515,629.7004
979.4973,599.9448
1085.726,625.4941
1094.3,628.9294
977.3274,629.7834
1091.33,628.6382
976.5718,626.1772
1091.099,631.2683
1001.565,588.6179
1091.274,630.0676
1090.881,629.6843
1089.648,551.8093
1091.776,626.9453
987.8223,599.212
1090.888,629.8585
941.4232,615.7675
957.1635,630.6196
1107.529,612.0695
1087.462,625.7778
941.7845,614.3212
981.9019,600.5773
979.8982,600.7674
1089.99,627.4897
941.4684,605.1268
995.4627,601.4357
1103.98,634.8211
949.3138,627.0834
982.2594,627.3676
1089.063,627.5396
938.741,611.0911
1089.936,629.4898
1089.394,627.1152
70.1347,85.79491
1089.15,625.4341
122.3584,103.7911
980.8816,596.9922
952.2923,639.6534
1089.454,627.2346
98.28606,0.0
1090.361,630.6306
1089.797,625.215
1107.943,609.8514
1103.316,612.8525
979.6665,627.6155
1091.406,626.6805
100.5685,0.0
1092.389,629.4099
68.50478000000001,48.36976
1088.843,626.0944
116.1959,0.0
990.1862,600.3505
949.3669,611.8063
950.6018,630.6738
944.795,614.0798
978.3568,626.2086
1105.271,636.1608
1109.725,612.6064
1092.424,608.373
948.5587,614.6288
1092.759,631.7282
979.2447,599.6331
1089.56,627.3961
1092.796,629.567
958.1448,627.673
949.9155,630.8137
951.0543,631.4437
140.2564,8.080952
1095.04,628.4069999999999
71.77641,36.26725
1091.363,630.4335
980.8956,630.5524
1089.081,608.7261
939.6506,627.367
976.8665,599.8502
1109.921,611.4165
984.6566,630.7283
1087.859,631.0409999999999
998.9024,629.4641
95.0835647583008,27.94357
1089.883,625.9706
63.127930000000006,53.967319999999994
948.0355,629.5317
1091.877,623.1133
1106.5839999999998,604.687
980.503,625.7979
1107.132,609.6795
1109.424,609.5769
1091.99,629.6438
946.2639,626.6584
1087.65,627.6611
554.1973,317.7402
1089.245,628.1198
962.4403,628.6236
116.453109741211,0.0
981.1518,599.7606
1093.924,628.9175
937.7354,606.7529
978.7929,628.1952
989.6014,595.5118
1087.779,624.3423
99.06571,27.74001
1112.595,612.1109
1001.597,628.1904
90.01719,48.3996925354004
962.841,628.0284
1088.785,626.0884
983.8752,600.1669
1023.604,588.6337
980.8652,627.469
1092.375,631.9212
980.4597,601.3107
979.8982,600.7674
247.2162,127.0596
273.3387,148.9788
1090.956,630.7232
979.8324,602.274
937.5336,586.4001
947.8291,626.5527
981.5475,627.2145
1094.259,629.0329
1085.535,622.2130000000001
951.1235,631.3497
957.8238,627.4022
980.7147,625.8973
979.443,629.251
953.1107,630.3218
1087.106,629.4496
970.9624,568.7939
510.6777,337.3954
1001.805,630.3175
1091.849,627.2048
1088.829,628.0144
978.2028,628.7080000000001
981.08,598.2040000000001
1091.867,606.9299
983.6019,600.4101
1090.169,631.7335
982.6331,599.5578
1099.6660000000002,635.0364
983.7396,632.7436
1089.089,626.0222
983.062,603.798
95.08356,0.0
1110.705,607.9359
1094.0410000000002,629.8723
1092.77,629.3848
979.7683,597.8521
1093.261,630.9042
0.0,81.28081
978.8955,626.9258
1088.545,625.6409
1091.4589999999998,629.2139
990.4653,605.6148
96.37895,0.0
956.2489,625.5141
898.3553,587.9156
1107.247,608.7103
981.8141,600.0706
244.4376,183.4608
1092.628,633.8841
1092.029,632.2455
101.0304,70.03002
67.19019,61.477619999999995
1092.355,630.1198
980.6334,602.013
1095.559,629.6141
1089.099,627.0312
1000.848,552.6442
1107.891,608.2382
95.0835647583008,27.291390000000003
1093.758,629.2305
979.1711,627.7289
977.9904,596.6132
116.7874,0.0
92.89842,0.0
1090.487,626.6614
951.0079,639.0701
1108.088,607.8398
142.8446,0.0
1105.957,606.6758
941.2575,612.653
1091.233,625.1475
960.1931,629.1761
1106.243,606.8489
980.3018,626.8113
967.8911,566.7053
1088.456,626.4192
1088.29,628.6822
949.1725,628.0812
980.7661,639.6368
1092.021,626.2813
980.3424,600.7852
949.2706,613.2059
1090.932,628.4757
1090.254,630.3144
1087.054,627.2315
1108.358,611.4471
1002.48,621.7128
76.18305,0.0
95.0835647583008,9.226492
979.3758,627.5755
949.6517,638.9282
1094.602,630.4102
1087.966,632.523
1090.9,628.4593
1089.511,626.8754
1108.507,611.9541
1094.261,631.9379
1090.983,626.3378
1088.4489999999998,630.4827
979.4795,630.433
1096.452,629.5148
1109.784,607.7605
1090.935,626.4222
67.65767,48.399684906005895
940.7093,613.5961
1057.395,608.2049
949.3518,630.2679
960.8217,627.862
134.6208,0.0
276.3684,229.7567
1098.144,629.929
1088.744,627.9861
961.0781,627.8276
979.0029,599.4037
982.0217,603.3904
1092.69,628.6093
941.6766,613.4246
0.0,82.78844000000001
982.4069,627.9592
980.2413,628.3241
1094.228,629.8586
1092.326,629.0632
992.1961,599.1823
962.4025,628.1249
951.7773,627.8152
939.1835,612.1881
1089.495,629.563
1091.941,629.0403
954.2386,630.2286
1089.404,626.7995
979.5384,627.9311
999.5014,619.3809
1087.363,654.9579
1090.941,629.3268
96.10187,0.0
1088.091,626.7968
1001.845,615.9383
952.9578,622.0295
90.57009,74.88126
95.21705,0.0
1057.965,610.0677
1091.52,629.6281
95.75923,0.0
979.973,625.4935
979.0799,627.4998
1090.134,626.2307
1091.833,628.4601
1065.83,615.0737
937.0866,610.349
981.7319,633.2493
980.2894,627.2004
1095.736,626.0955
959.1452,627.192
95.08355712890628,48.29772
1089.188,627.3207
944.1466,559.2685
974.9602,596.89
401.2942,286.3563
1087.212,627.0161
1106.123,615.8957
982.3598,627.8629
979.2395,600.3528
977.6111,629.5498
981.9824,629.2526
983.2422,598.6966
937.9433,608.0081
788.4144,250.4075
953.3417,599.9611
977.5641,599.1854
1091.196,627.0824
79.98096,0.0
1090.398,628.1608
951.3808,612.0767
1091.819,628.9711
946.8041,625.7828
983.0232,602.0361
982.8226,626.2513
84.47641,0.0
980.6206,601.3013
61.18468000000001,46.574659999999994
103.2462,128.8493
1091.395,628.3084
1090.101,629.8899
948.2725,630.4941
949.3171,624.8965
1092.571,627.1231
1094.659,629.0402
1090.18,629.1706
941.2496,612.6345
980.3265,598.9263
937.3981,598.6879
1093.944,612.0827
976.32,626.8428
1131.62,739.9835
941.4026,613.6627
89.91409,87.97651
941.1721,614.1436
938.1464,613.7112
1083.19,632.9331
979.8475,599.2949
1107.57,610.0591
1088.17,625.9407
1089.446,625.7432
1091.807,610.7839
939.7784,625.5159
979.2591,602.1042
981.4481,599.4999
1087.805,626.0776
975.0563,628.5497
1092.65,629.2772
983.9294,603.2122
1093.155,627.8174
1090.554,552.34
937.0593,610.2709
939.4265,611.6989
950.0821,627.9923
938.9023,611.9182
95.95068,0.0
1090.706,630.0948
953.997,624.5064
978.8284,629.7747
1091.619,630.3847
95.23662,0.0
1085.604,626.4058
1092.354,623.4490000000001
1003.807,604.1126
1092.655,628.3231
980.3973,629.0323
1101.298,611.6696
1093.79,630.7352
1107.862,611.0369
941.0,612.4104
1090.268,626.1998
1088.876,608.6246
1090.436,626.4359
951.921,615.1694
1090.297,627.7061
1091.433,627.6457
975.9436,600.7574
981.1017,629.1534
982.5384,597.9631
1091.64,627.6494
1093.977,626.8659
376.2051,174.6784
950.1723,589.3835
948.6145,628.7849
949.4973,615.1031
1092.464,630.2614
1090.896,628.1788
1089.273,626.8173
1090.783,631.2148
951.572,589.4279
1092.91,630.0861
950.6357,627.9072
950.2604,612.8672
980.9686,599.6095
978.5873,629.3348
95.08169,0.0
95.29816,0.0
950.493,639.1014
979.8835,628.4324
250.5849,205.3683
1092.251,630.2073
1091.8339999999998,642.8866
1089.73,624.6728
1090.945,625.7474
0.0,80.59905
134.468444824219,0.0
788.8939999999999,502.8059
981.0087,630.0531
941.6014,612.6887
979.9325,629.3206
981.483,599.9171
1091.046,630.129
851.8485,488.5644
1090.223,627.6807
951.0332,610.8552
950.6818,621.8076
1093.516,631.3398
1093.328,628.5057
1084.71,630.9033
1000.03,633.3987
1088.1989999999998,611.2825
979.3305,634.6242
943.7465,612.3947
900.1260000000001,591.1947
961.4077,630.1762
1091.8010000000002,626.2328
1090.735,626.3439
134.4636,0.0
979.7136,628.4109
1087.532,624.6691
999.0817,590.5698
1107.073,612.4983
1088.954,627.8129
977.9429,626.6611
940.2496,611.4582
988.5767,596.9234
1092.108,629.3122
982.3184,628.0049
949.2203,615.4908
992.8668,614.0363
95.08316,0.0
1109.239,726.2333
949.5077,628.2933
1086.901,625.8762
1054.116,605.9516
1091.318,626.1888
1089.348,625.0474
1089.47,628.4559
982.5724,627.0015
1091.908,626.9157
980.8434,598.2259
1093.148,630.3547
947.3528,625.8766
977.7509,629.055
781.6197,498.3305
239.2623,171.7112
983.3065,629.8518
977.4846,623.4354
980.8815,600.8492
1093.16,629.0643
1088.785,627.7512
982.1092,599.398
1090.063,625.2172
1091.582,630.7336
1090.651,628.7078
978.2906,597.7263
980.2974,624.9919
948.5351,630.695
974.0686,624.028
1091.522,628.4313
1087.108,609.163
979.1642,626.3995
977.866,598.8864
976.5546,628.2292
980.884,627.4073
1091.675,631.9772
1093.149,630.4512
1090.653,628.6759999999999
981.6781,628.7009
1094.048,627.7498
585.1245,387.597
148.931,7.831872
1090.292,627.9928
1089.771,626.5106
981.5765,627.4402
597.4177,341.6583
1095.274,632.8536
1088.562,627.2054
1096.862,602.6617
65.81815,79.41705
1091.016,629.8397
1089.838,631.8619
960.4741,628.2108
948.4328,617.069
1085.899,600.2309
938.6751,614.1252
940.5724,612.3689
979.5048,601.7987
1091.239,628.9305
103.9839,0.0
993.8634,603.3896
1098.934,609.3777
984.1417,600.3859
1089.912,627.0859
976.5449,602.5583
981.1689,598.6864
981.3011,628.2255
979.9113,599.5158
1088.558,630.3952
1096.851,628.1373
979.5674,632.4345
1087.757,624.8034
1091.467,625.4185
1092.729,626.7194
940.8376,607.4561
952.2129,628.0718
1094.928,631.0646
952.1336,610.1484
954.251,634.9537
1107.796,612.6268
1100.071,632.5773
1093.453,628.8986
1089.505,626.6293
1087.252,626.64
978.7231,627.5782
980.5226,601.4521
983.4221,601.0398
1083.031,624.6981
1110.862,610.2682
979.1304,597.0901
1089.13,629.0131
1108.829,607.9184
1095.127,626.9427
1091.702,627.3181
1088.068,627.3034
1091.346,629.3492
983.989,599.5068
1111.535,614.6925
1090.538,630.1225
980.7766,587.9225
1095.183,630.4323
950.3291,614.886
307.075,181.6912
987.0015,600.9734
1093.081,630.337
977.6019,603.6862
1092.727,626.4447
983.4169,599.3225
1092.085,627.3795
1093.932,631.9528
941.4055,613.0007
978.6758,599.595
95.08492,0.0
949.3898,628.0336
897.437,585.5591
948.5901,611.0604
981.506,596.6978
1091.761,629.029
978.8982,628.717
959.8631,627.0516
1088.761,629.8480000000001
963.3956,628.749
132.29399999999998,0.0
1087.565,629.5472
1110.822,613.7882
1090.135,625.3201
1088.729,628.1752
1088.54,626.9168
953.3376,630.0477
520.1469999999999,328.1104
1090.757,627.9802
1087.109,627.1251
1000.517,618.8677
957.7007,627.9816
953.4779,614.5346
979.3812,601.7288
981.8459,631.325
978.651,598.7414
568.7969,371.0732
938.5297,612.5132
951.6146,624.0006
947.7324,628.9902
952.309,611.5686
950.042,633.0176
1091.827,630.7636
1089.915,626.2867
979.864,598.0441
1090.313,626.8682
1095.137,629.3294
1089.281,669.9267
1090.627,626.2107
1092.538,627.5152
949.4965,621.4717
1089.02,622.6108
942.5416,583.3173
1090.99,629.2198
261.0085,134.8383
1000.283,620.295
790.5044,504.6839
1091.23,625.9368
951.5448,624.7106
979.8472,597.856
981.5173,626.7813
948.4049,589.4912
1089.323,628.2574
1106.248,613.2014
269.313,193.6508
981.3657,604.4153
67.23422241210939,60.91546999999999
950.3918,625.1806
1100.078,609.6063
981.0654,597.6295
1090.111,628.0403
138.1304,0.0
1090.368,627.7633
1099.292,613.6069
981.8891,629.1904
95.08356,0.0
1092.545,627.3404
1087.646,630.5023
989.5271,599.9044
1093.568,629.2567
1092.781,628.0051
1090.804,627.7259
1092.923,629.4828
1106.678,607.7429
1088.918,626.0742
980.1925,598.9927
977.5063,599.4981
981.1924,597.6816
984.1121,627.32
981.6546,598.1508
95.08355712890628,0.0
949.6666,627.7227
1092.181,608.8507
1091.578,628.4125
939.1898,566.7045
975.7795,625.4877
1094.9260000000002,627.8124
1088.458,631.7781
949.623,632.143
1092.297,634.2354
1091.096,626.2207
964.2972,634.0485
948.4,630.7685
903.3078,587.9728
1107.217,725.6875
101.2856,96.17294
981.0667,601.5583
941.0329,612.3902
942.741,634.2444
1091.531,627.625
1091.919,627.691
979.7023,602.5886
981.9453,615.4442
440.1504,296.411
1131.737,739.3792
95.08356,0.0
954.076,615.8144
1094.429,628.4315
1091.161,624.9906
1092.003,608.38
1112.137,614.377
1089.594,629.6035
1094.071,626.1354
1093.755,627.4423
134.476,0.0
1098.738,610.4551
1089.508,631.7672
1092.172,630.2874
982.5186,601.6003
119.8729,96.81282
1093.372,626.7413
952.8729,614.3664
980.8256,600.6565
1092.316,628.0930000000001
941.6432,593.2463
980.3253,629.974
65.3082,62.48373
1088.554,625.8132
1088.055,627.0806
947.862,624.5265
67.23422241210939,0.0
349.4724,248.1233
953.0367,614.0791
1095.881,624.4817
1091.218,627.5578
1090.462,628.386
979.9006,629.6568
1089.816,629.5886
1110.973,611.6312
84.02029,48.399684906005895
977.2723,624.6789
1092.776,629.826
936.649,609.98
1092.89,629.1654
1091.762,630.0205
948.9716,612.5814
948.5468,613.7291
998.5565,630.3805
948.5898,613.0301
1090.989,628.1744
981.4536,628.2477
961.8568,630.215
1091.157,629.1774
949.5737,612.9296
979.7545,626.4185
983.0782,600.5128
95.07192,0.0
1004.013,643.8221
1093.892,611.4697
1092.921,628.7474
963.0159,632.44
1085.739,627.9558
948.353,613.1617
1089.18,626.6959
134.27700000000002,96.94411
894.4507,514.5794
1093.808,629.1485
1093.726,653.0759
958.7551,628.623
979.0449,600.2457
1091.722,629.8419
1093.811,631.0001
1088.144,625.2551
979.1826,628.524
597.432,343.6355
269.0836,145.9025
984.7465,629.7424
1088.327,613.0409999999999
982.796,630.7963
1069.148,615.6177
1109.891,608.2128
600.7772,347.2158
1090.157,629.8768
1087.889,628.4965
0.0,88.36534
1103.633,609.7968
1090.61,631.4197
981.1151,629.7929
943.1759,632.5006
980.3658,598.3837
1094.9,626.8953
998.4253,619.0573
980.8237,603.8942
1096.814,608.2104
980.9315,628.1522
1093.5410000000002,629.16
725.6074,416.2061
1087.181,612.8569
1092.715,627.5023
1094.171,629.0209
1089.51,625.7309
951.4802,629.2357
975.1898,628.7611
949.5444,611.0134
952.163,627.0168
96.81905,0.0
1092.864,631.6144
980.3827,599.2959
1087.62,624.4775
960.5366,630.001
1092.087,624.8564
981.193,631.697
977.8586,603.1163
981.7355,602.3340000000001
1088.27,626.006
950.0037,607.6473
62.64807,62.5405
67.23422,0.0
0.0,85.19892
978.0767,599.2985
981.0972,600.0988
1092.366,628.5138
976.9322,589.5228
1085.232,628.2081
1094.488,627.2555
1090.79,628.9922
951.3302,633.178
1092.309,608.0428
1093.479,631.2238
953.2599,628.5985
1091.179,629.4541
1088.84,627.0313
1092.123,626.1768
1095.139,631.5704
1091.593,630.1837
1092.184,628.6141
946.9115,584.1245
937.9501,612.6307
898.6075,585.2407
982.4455,631.1904
949.8441,626.9877
940.1451,613.0823
979.2172,603.2973
1040.893,596.9452
980.2044,626.3113
939.4366,611.4471
960.9829,627.2734
1093.56,629.4442
1090.596,625.826
164.3367,142.4231
980.9399,600.1295
1090.807,628.4113
980.8436,597.7686
274.4374,194.1139
99.63124,0.0
1094.028,630.3442
1057.068,605.4167
974.8916,597.0508
1094.218,627.8463
411.6526,243.8951
938.5662,626.8942
982.04,626.7383
895.8760000000001,584.3924
1092.933,632.1219
1090.82,631.8293
1103.8,635.5368
1087.37,629.1388
1089.964,629.259
1093.437,629.7623
1088.737,626.6303
951.2107,631.1056
951.4547,616.4346
980.6296,626.1544
943.8474,621.2124
460.6283,313.6205
1093.538,627.5641
1091.601,631.2201
978.1689,601.2015
1001.28,626.4052
949.2545,611.4773
946.8281,628.5037
68.11433000000001,48.399684906005895
31.62712,96.48615
988.8371,599.8118
983.1306,602.3727
942.1537,614.5845
120.1241,0.0
1089.271,626.8818
979.0331,623.9292
943.2823,619.2643
937.8226,613.7535
949.1458,628.393
1089.631,625.4206
67.2342376708984,0.0
982.2977,630.0024
1091.271,626.0762
1087.328,624.5459999999999
66.53038000000001,79.97493
944.7872,616.028
949.8492,614.7848
67.23357,62.48417
982.2699,633.5564
1109.248,608.6569999999999
1091.068,625.0393
0.0,83.70085
983.8174,626.9781
981.1741,601.6677
1021.127,590.4334
984.2982,625.2131
1089.822,627.4145
981.4605,599.8918
950.7421,641.931
979.3506,600.0409999999999
1091.939,629.4639
949.9011,631.7714
938.8859,610.6739
1090.0839999999998,629.4679
980.8094,599.3107
982.5902,600.8409
979.2655,597.8177
1093.816,628.7371
979.8833,628.2274
76.65571,47.95864
1091.958,628.211
94.64981,27.94355
947.0859,626.691
1089.976,626.2746
1089.886,626.9459
1092.752,629.0555
977.3967,598.9393
1093.349,629.2255
67.23422241210939,0.0
982.3649,628.4111
1094.006,626.4529
1091.517,624.5977
982.1282,598.4207
980.6392,599.1113
982.9806,629.3195
951.3693,627.1767
1087.468,626.845
957.7896,627.1072
1094.182,627.7452
1089.145,625.3857
95.08356,0.0
979.0918,602.1693
1089.565,625.9222
1020.099,587.2797
77.62521,0.0
1103.162,609.6284
951.8463,632.3514
1088.873,631.0983
116.4493,0.0
1090.127,626.9909
1110.257,725.7604
1093.105,629.1989
976.3364,627.0837
984.2271,596.9521
960.4492,628.4473
984.6827,630.7845
1088.525,627.2192
1088.811,629.1528
978.5102,599.0299
979.745,628.9267
596.1591,341.9935
940.5176,573.6632
1020.227,582.2947
938.0638,600.4321
982.1371,629.9316
951.7968,630.1097
1097.9,634.7349
982.8226,598.2325
990.6395,599.8871
1110.205,611.1421
942.2278,614.5505
977.6398,627.3172
1089.042,631.1385
949.7958,639.4684
991.2498,602.9982
1088.254,626.5042
1089.39,626.9681
1085.789,628.4212
1090.224,627.5338
940.1641,610.1357
945.9345,624.202
1093.03,676.4377
952.25,627.5928
980.4556,600.7444
952.0334,629.9196
1099.313,608.2562
978.2056,599.6633
1091.939,630.1768
248.9258,164.0653
1088.954,625.6008
1092.265,630.5756
1105.736,606.9402
977.149,627.6835
94.69895,21.77861
978.5691,586.1298
978.2996,629.5404
979.4578,595.7922
961.7825,627.4151
67.2342376708984,0.0
1091.296,624.8146
1110.298,605.7987
1090.05,625.4755
1000.155,617.5062
0.0,80.57066
1088.633,627.6777
1107.008,611.8858
1110.419,612.2836
1090.594,624.9218
978.2808,601.6619
981.5989,626.8334
974.3259,624.2028
981.873,601.1391
949.934,611.4639
158.3611,0.0
1088.297,629.5386
1092.562,626.9686
1091.16,626.2753
950.0871,613.9029
1093.088,628.8566
1092.726,628.2659
939.8705,608.6445
1090.466,626.4412
980.343,588.696
978.1306,589.8766
94.48434,0.0
1091.635,628.077
941.645,615.4424
1090.748,627.6636
1094.661,623.6815
977.9138,627.9046
951.4232,631.1913
1091.078,628.3036
1106.889,727.7664
949.5225,624.3179
1095.9489999999998,633.1743
1089.063,626.1094
142.04,28.35263
1088.656,629.5752
1105.415,616.9064
979.6257,600.2651
1091.267,624.8397
950.4471,626.1804
64.16684000000001,48.39969
978.0817,598.8244
1086.836,625.9046
956.0982,596.7272
1103.418,604.6834
981.6473,600.4416
979.0421,626.1712
977.4507,630.5995
95.02975,0.0
980.7055,630.7357
1094.23,627.253
76.04954000000001,0.0
955.6311,627.3012
1091.274,630.6675
979.8807,599.1368
939.8524,614.7466
1106.534,611.4081
1091.973,628.0208
1093.806,630.622
1092.188,624.5033
1104.389,615.9299
978.6401,596.9289
1090.306,631.5057
963.0741,630.6964
1090.185,627.3975
1091.864,627.4936
1094.216,628.1244
1110.15,610.8895
94.83304,0.0
1093.464,628.1988
938.8891,611.7992
951.0215,613.7797
939.1326,611.9122
201.1857,123.4475
1091.213,630.3684
979.9092,597.9969
1089.15,627.0018
1094.79,627.8679
979.3776,627.9124
1091.399,628.3405
978.0132,629.8631
977.1324,625.5394
621.099,357.2925
961.5558,629.9584
808.1714,609.5983
961.1052,628.4457
1090.55,628.9661
977.8045,628.9730000000001
1109.188,611.0895
895.1814,515.2167
979.0245,558.8561
940.3295,613.3139
938.6212,629.0223
95.10334,0.0
1090.185,627.7059
1089.782,623.1924
981.6962,627.5883
1087.818,628.9059
936.8133,613.0109
981.9463,627.0332
1091.642,631.0936
1093.022,625.689
950.4683,631.8184
1062.984,612.2973
95.08356,0.0
1087.477,625.9229
983.9045,639.8693
989.9124,598.3726
781.4434,505.5555
1095.036,628.1472
79.91133,0.0
1092.998,627.7089
1093.197,626.2472
981.1402,630.7322
1088.125,626.4123
948.9364,614.5912
1086.44,629.1902
946.0263,611.7089
1092.667,629.1642
1058.475,607.3143
1089.047,626.9725
1085.338,628.2014
950.9949,612.0767
1088.453,626.6332
1095.328,627.9734
1083.425,629.0557
976.1033,594.8782
1000.065,617.8987
1107.516,609.5737
1089.501,624.3124
1097.462,631.5644
940.1865,606.3033
980.1675,599.7164
950.4767,629.0682
1089.173,623.451
454.0404,301.5678
1108.366,610.1839
979.9462,600.9236
574.1997,381.5544
948.5428,624.0707
63.7071,49.85807
1090.134,628.0236
959.5208,628.7386
948.9834,612.9466
1091.623,629.7098
943.6246,616.3112
980.0937,626.7892
979.5305,600.6536
938.9991,539.1604
1090.637,629.0665
981.2772,632.7003
949.6902,610.1629
979.0704,597.8848
976.3357,626.5149
89.88046999999999,50.02029
160.4168,0.0
978.6854,626.2975
947.1977,613.3508
952.4127,631.3615
95.0835647583008,0.0
1087.747,627.9371
981.3727,600.0828
980.5748,627.3484
1088.923,629.3255
1092.331,630.7395
1090.392,629.3654
1091.408,625.5612
981.1229,627.1436
1105.681,605.9539
978.6794,587.012
1090.516,685.5106
1093.234,629.3997
989.4956,599.9688
769.7582,488.3048
952.3164,631.4842
1088.004,625.7731
976.7073,600.1558
960.0006,630.3793
1090.158,625.4287
98.00248,0.0
981.9893,600.7038
1094.77,630.5713
1088.521,631.7236
986.9393,600.2184
1093.344,629.0932
1092.206,629.1978
952.6328,629.3194
596.8215,342.1515
1088.043,627.0472
1086.392,626.6735
948.7086,628.9427
1110.348,608.1394
69.39516,0.0
988.7236,600.7484
979.6486,629.6412
1090.189,626.4148
999.0887,625.8674
980.7368,629.3123
978.5665,602.3792
942.4203,617.3956
939.9915,611.126
1093.073,629.0677
76.48228,27.87548
997.7726,645.3359
1091.721,626.8259
87.32124,62.47803
1090.274,628.1739
1092.071,626.3009999999999
947.0055,625.7897
979.2584,625.7278
1004.814,588.4698
943.1736,613.6498
1095.224,607.1231
940.44,610.7057
93.94971,78.07127
777.8591,503.3279
95.0835647583008,19.82995
948.7279,630.1712
95.08357,26.49543
1094.064,628.3591
983.7215,629.4191
105.9025,83.52585
323.3763,188.9682
1091.354,631.7191
1105.635,611.2924
1094.662,631.4998
1000.32,629.6202
1001.452,631.2275
1089.68,626.502
1091.408,625.6283
938.7964,612.5561
950.8735,629.5269999999999
1093.034,629.6057
1088.442,626.9368
981.1373,630.7040000000001
941.3839,600.1533
429.6709,311.1543
1113.5839999999998,728.4015
948.4665,627.6956
1094.934,629.327
1088.231,625.7015
967.7746,570.2653
983.6711,599.2719
1093.513,628.8763
1088.646,626.1483
116.9763,0.0
1091.378,625.9109
970.9021,570.5215
953.469,598.1028
948.1733,623.7963
95.08355712890628,0.0
1090.262,626.4933
1062.105,611.4459
621.0504,358.5462
1093.68,627.4872
91.11836,62.48318
939.17,611.7657
980.8431,598.6483
1092.198,628.6882
1092.0739999999998,629.5178
95.08356,22.74761
958.978,624.0743
951.8436,629.097
947.0887,623.6758
1094.6989999999998,633.058
1087.395,626.4385
94.49416,27.94919
981.1838,601.4436
953.2809,624.6817
977.374,603.1385
949.4964,628.3943
1021.881,587.9047
1090.233,625.0391
1092.856,606.3965
1088.026,630.3686
952.9072,633.6042
998.8285,613.9253
106.5896,88.31285
1089.884,628.2627
978.4871,599.919
980.1259,628.6569999999999
950.1638,603.1941
1108.146,610.8065
1090.1660000000002,622.9924
1090.685,626.8467
978.1201,625.2013
1091.054,629.6302
955.9684,618.5798
976.699,595.7853
1086.996,628.5128
982.0925,600.0225
977.5527,603.7626
1089.837,625.6553
722.9522,418.3073
978.8846,626.0212
1093.335,631.3232
978.2633,626.8621
1094.101,629.7263
946.175,613.0679
1088.487,625.3927
1092.697,629.4633
978.0984,627.8829
256.0172,193.888
1092.12,628.5497
979.7782,626.3991
947.2021,626.1418
979.6288,625.9123
199.8318,155.2676
1093.229,630.7231
1091.26,629.7838
48.5108,73.45881999999999
95.07394,0.0
785.8781,504.8001
991.4146,601.9626
1086.892,628.2027
1091.771,632.0408
1106.9489999999998,614.2217
1090.115,630.6812
1090.014,627.0063
1091.727,630.0388
1090.768,630.2683
949.4879,612.9787
1092.445,626.9211
1089.736,628.168
939.4014,610.1829
1109.253,607.7767
958.5889,625.9583
1089.483,684.9783
1090.96,629.0832
1096.976,626.7258
1091.784,628.1598
67.2342376708984,0.0
1023.739,589.5132
0.0,88.35329
980.3563,601.8907
136.0128,0.0
1087.771,627.7272
1086.289,628.5816
986.8361,601.4424
1094.992,629.5319
1089.486,627.5211
977.58,597.3013
951.6371,626.9465
1087.332,627.9545
988.3643,601.7704
952.6719,615.6809
983.2332,602.27
1092.081,628.1404
961.0852,628.3943
979.7289,601.0036
947.7365,623.6892
951.1281,647.7734
1089.75,625.4939
950.3004,626.0614
1088.654,630.9213
135.6633,0.0
980.3851,587.9066
1090.496,626.3308
65.18788,0.0
960.653,626.5947
1097.422,606.4254
1088.9160000000002,628.9138
67.23422,68.27496
1091.644,632.1609
1091.589,627.2659
343.5091,200.2994
1088.215,625.9045
1096.668,629.8475
979.5364,600.0199
134.4685,23.92346
942.4829,614.119
975.7947,600.3971
952.7963,614.1223
134.4684,0.0
1107.897,608.5921
1001.41,629.5425
980.198,628.8624
979.8849,629.2827
920.9656,589.1089
1091.724,627.2077
1087.161,622.8723
952.3066,626.4055
976.673,600.3724
989.0921,600.7444
946.4519,612.4811
967.755,570.1334
939.1461,612.2037
981.7861,627.6923
1094.314,627.8506
1093.326,624.5798
1109.151,611.0468
982.4799,601.2153
940.4267,540.5946
948.9728,627.2703
116.4531,0.0
975.5869,628.2631
47.09337,79.91821
977.7562,601.6616
520.4119999999999,331.0592
1110.482,609.3956
979.9092,599.7679
1107.853,611.8013
977.007,633.9725
948.4157,625.026
936.3643,612.6548
1092.409,627.6572
950.1046,598.0183
115.9981,0.0
979.881,600.2393
95.08356,0.0
1000.001,629.1547
976.2064,623.4201
983.544,629.5016
974.1964,596.1221
1090.435,627.8139
975.4782,600.293
979.3393,626.8065
95.0835647583008,21.38592
963.1531,631.5667
1107.917,611.4512
1106.77,609.1204
134.4686,0.0
983.8635,604.0139
983.3499,626.2056
1099.366,631.5412
997.7648,621.9312
979.891,629.9573
962.5207,629.4395
1001.419,618.2313
1092.411,656.8421
949.4416,615.7321
1091.627,629.0667
975.8767,598.4037
983.3253,638.0637
1091.654,627.9067
977.6467,597.3530000000001
980.2758,627.1081
1090.69,626.3358
950.5958,610.617
989.4698,605.1666
1091.107,626.1758
978.3582,630.0995
953.1075,615.1621
1092.698,631.3367
952.0096,634.8624
1096.694,629.4818
980.4886,602.2807
948.8889,611.8366
981.0096,604.8918
1091.11,628.3998
1109.775,609.0576
1106.956,612.7394
939.954,628.8308
958.8849,630.1536
951.3115,629.4578
1089.318,627.0307
962.0676,633.6677
1089.88,627.9313
952.1152,630.2213
950.2735,612.4247
951.0945,629.0566
0.0,80.03648000000001
978.1785,627.4142
1089.746,627.106
95.0835647583008,20.90419
980.7286,633.4971
1090.766,627.0656
1090.233,627.5597
952.4456,627.0549
939.1038,604.1945
979.9651,600.5192
95.0835647583008,0.0
1093.353,631.6955
1094.458,629.7871
1088.178,626.9355
1107.053,609.4333
990.0075,601.7373
1089.957,626.4625
1093.734,627.2291
1090.283,627.6216
1087.272,628.1769
981.0868,627.7857
774.5269999999999,498.2746
979.5663,596.8562
57.86016,68.03327
95.08419,0.0
978.6794,628.2941
1087.305,627.3376
1107.361,608.2802
1088.872,626.2332
96.42994,0.0
978.8923,597.2272
979.2359,597.1647
977.3725,597.7762
971.8765,572.3635
1089.282,587.8784
946.7382,624.4134
1000.78,599.4677
955.6168,615.2584
1091.877,628.8202
979.8502,598.4296
947.6055,627.1619999999999
1088.619,625.4271
1091.572,626.9137
1090.261,629.7138
1094.84,627.0381
1091.054,630.7517
979.5312,589.9813
1092.38,628.2908
1088.654,625.6199
1084.526,628.2979
104.5773,22.70828
982.2491,630.4166
948.2112,613.3917
946.9756,625.3673
1091.36,627.2438
983.4976,603.1017
1106.773,607.1751
960.0181,630.3528
985.3373,599.3688
982.4498,586.4171
1093.781,630.2599
1109.006,608.3715
1092.357,627.3463
947.8583,626.2847
322.1941,221.1616
1092.423,627.3865
1091.275,626.8058
140.3725,0.0
1086.914,624.3806
67.23424,50.6267
949.5006,610.0547
1092.419,627.8898
100.4761,0.0
1088.837,631.7719999999999
980.0392,626.9243
1095.305,628.3264
177.8934,98.33521
977.3463,627.3494
1092.213,628.831
961.2675,627.8845
1089.178,629.3169
1109.504,612.742
1092.451,629.6323
1093.09,624.748
981.3973,627.9787
1093.296,628.1876
961.2235,628.8167
948.3199,626.3853
1097.333,630.4614
1091.738,629.9847
1095.618,621.9276
1087.027,622.1708
981.8192,601.5461
999.1871,616.9957
976.864,627.1584
1091.991,630.4308
1089.424,670.1572
976.4449,597.5263
1087.071,628.2177
105.139,55.37859
67.95612,0.0
99.59209,0.0
1091.363,627.6306
952.9807,630.6693
981.4407,602.2897
1088.944,628.8888
984.8428,600.261
1004.824,605.2802
1091.558,628.91
979.6226,628.5306
95.08355712890628,0.0
1088.436,628.2836
980.8469,627.0176
992.3981,599.6757
1094.894,625.4304
1109.58,610.7352
981.6168,565.624
959.5244,640.4381
939.027,577.1759
1093.456,629.6432
949.3813,611.7322
976.2496,584.2584
0.0,73.93193000000001
1093.267,627.9992
1090.564,630.1531
957.3751,628.3215
101.2291,0.0
1090.23,625.7311
1094.021,629.3
1089.739,627.9199
980.1335,628.3749
1089.9,631.1754
981.2436,625.6004
978.913,599.6976
979.9908,598.6318
981.705,599.2958
1107.64,609.2759
980.7528,601.1524
116.079,0.0
1102.344,631.1323
111.0939,0.0
978.6622,600.7512
999.3465,633.5502
262.6738,136.59799999999998
72.49937,78.97158
943.3121,616.465
961.8386,627.3052
1090.343,632.284
1001.127,619.7811
65.04706,79.68356999999999
968.655,566.7964
1094.161,627.7129
982.5237,597.7
941.7561,613.0804
1088.576,627.9632
1094.511,628.9993
981.7029,600.3621
1093.182,627.0407
1092.103,626.8735
980.7667,598.2525
1089.338,629.6485
949.8871,612.7878
1096.417,629.2231
980.4276,631.9484
949.1563,628.7090000000001
134.672,0.0
129.3405,0.0
401.458,286.1029
981.8695,594.8298
1138.261,737.8068
980.9941,600.996
1090.186,626.4625
1092.711,627.1823
971.3041,569.0427
980.6486,631.3293
1109.51,609.3647
979.9968,600.9676
939.9835,627.2643
980.7177,597.1572
272.2239,153.1642
939.7646,614.6637
95.08355712890628,0.0
1084.597,627.148
949.5781,615.1332
1095.22,631.4036
957.5521,627.1097
1086.3010000000002,626.1481
1087.735,627.2202
1089.384,624.0381
937.9348,614.899
1088.302,628.493
1109.135,611.9996
1087.99,624.6258
982.1533,601.4075
943.7741,630.1686
951.9037,633.0916
976.2355,627.6794
1092.338,629.7232
982.1212,630.8253
1091.575,606.8331
1092.687,627.6885
982.9885,621.0118
1087.4489999999998,628.8846
74.18701,62.49531999999999
983.1669,630.106
89.13436,27.94357
949.9482,605.7576
944.7019,628.6351
1091.444,610.8057
982.7587,604.6256
1089.021,627.5437
983.8823,601.4402
1102.779,608.9061
1092.859,631.1028
950.8667,616.2466
134.4182,0.0
801.1497,516.3952
1094.297,625.0784
978.0845,625.1709999999999
1088.886,635.7098
982.9742,628.2416
982.8196,629.6651
776.9126,497.5489
135.921,110.4228
942.5938,606.6205
1102.105,609.6368
979.6052,629.3856
1088.729,625.4490000000001
979.2252,630.8741
784.5692,531.9937
1094.621,630.5071
975.5952,596.4627
650.869,428.0253
146.1525,0.0
977.8524,626.5493
980.1422,588.2815
977.5024,599.0217
1092.92,629.5211
1093.005,627.2691
979.2584,628.3218
955.6255,613.049
1090.906,628.8907
1091.401,629.8182
943.0237,616.1411
981.0986,632.533
1088.432,625.6053
1094.766,627.9909
1090.763,627.9323
953.2905,629.9422
134.468444824219,0.0
962.7569,628.8721
980.3218,626.7618
1105.489,610.3622
978.5244,631.1929
1087.295,627.7679
1089.898,628.1191
1106.298,610.2297
978.0515,599.9046
982.4671,598.3112
985.1167,602.2102
950.9799,589.2761
115.7365,0.0
1087.643,629.3698
980.3293,626.2137
1091.5,628.7083
942.4174,612.7177
960.5499,631.7755
1089.554,627.3428
80.88228000000001,23.07435
979.9678,601.0017
980.2684,599.4487
950.4977,624.914
981.8311,630.4166
1089.423,625.886
1086.565,626.075
1092.608,627.8141
1092.559,631.1521
962.2589,625.6517
978.8182,626.5477
1091.353,626.9108
1108.668,609.1569999999999
986.4307,601.68
1002.566,619.303
960.7323,627.7757
1090.398,625.0014
1089.12,626.2776
1093.29,628.5385
937.594,613.6348
1095.772,629.0861
963.5951,629.4328
1093.94,626.7902
979.2252,628.7491
977.6968,627.3774
977.5959,626.2421
951.2444,628.5165
1090.758,628.7566
1090.932,628.9999
1090.838,626.216
1092.009,626.5797
948.6414,634.3177
981.0126,600.5868
968.2043,631.4062
1092.917,629.7932
1094.128,628.9333
1094.296,629.2441
1092.9160000000002,628.4601
1087.603,625.5581
1109.844,614.6196
1095.318,628.1837
1091.053,628.2637
953.2649,635.7087
1091.137,627.4872
982.5641,601.1187
1090.154,628.7465
65.62988,62.48372
1094.693,629.1252
940.1543,612.3389
98.59988,0.0
1090.544,633.0416
951.107,625.6096
1093.866,630.9393
1094.84,629.1573
989.6884,598.9366
1092.283,624.8052
1093.775,631.2439
1092.689,627.5278
116.4717,0.0
1090.526,630.2822
978.4373,630.1033
1087.355,625.5673
306.6036,229.7005
981.127,599.3872
977.931,601.2357
902.4777,590.0365
998.1005,628.2797
1090.069,627.6205
1093.0,624.9153
1092.549,629.3195
1088.691,648.1028
979.3223,601.345
1090.673,626.8386
939.8779,612.3724
108.8348,0.0
970.3154,567.8489
949.0319,628.9192
980.2252,601.3691
1094.26,631.3256
1091.621,631.8024
1091.602,628.4775
55.01667,116.0122
976.6488,629.2957
1093.208,627.2946
978.6569,629.3839
168.295,146.9375
980.8644,603.4023
979.3317,600.5049
1092.169,626.8115
1093.054,631.7136
1090.645,628.1564
942.0494,611.7365
982.4127,598.9816
1090.9589999999998,631.1314
97.16551,0.0
949.9678,627.2824
976.9013,621.0579
18.65872,88.44366
941.2496,612.6345
1089.521,628.3419
1090.927,628.2787
1091.482,628.1867
960.8159,629.9241
1090.246,628.6294
91.36889,88.3653411865234
1093.477,629.414
948.5619,618.5273
0.0,97.68875
972.9043,625.929
980.4581,626.2993
948.4024,626.0236
962.4607,631.1238
73.69014,88.3653411865234
1094.321,665.4781
1108.764,610.4828
1087.633,624.5879
1091.725,627.9061
107.7532,81.34089
962.1318,633.6949
107.0748,0.0
1090.351,628.2348
1088.526,627.0692
239.4694,120.9176
982.0699,601.472
976.2714,625.6528
947.8724,625.5119
1109.674,608.6125
1089.631,629.094
1106.039,605.8186
980.3829,627.4115
93.77203,0.0
940.8505,591.2439
1085.469,623.4148
979.7621,627.6705
946.2943,610.923
984.0923,601.3185
953.1891,612.4575
1109.219,612.5555
951.2224,586.2026
976.6956,597.9356
116.8825,76.02150999999999
957.6112,630.6256
1093.255,628.3107
785.5302,505.4556
1102.84,604.9945
269.5809,167.3724
1089.192,610.6685
1088.691,627.2665
113.6311,0.0
948.1547,624.9138
1089.249,627.5299
812.2768,615.9826
1086.234,627.5527
947.8417,626.8046
95.61194,0.0
959.5255,626.58
1092.429,630.8807
999.4768,630.1176
67.23422241210939,0.0
976.4482,599.7053
1109.508,611.0086
980.7986,597.8986
1091.456,628.1405
977.8549,631.3984
95.08356,0.0
960.953147888184,628.986764907837
947.6134,630.5494
1118.287,756.0468
71.19113,88.3653411865234
949.8253,619.3639
391.4078,273.4117
977.1346,597.1512
995.0773,589.602
942.3488,597.247
950.116,614.4921
953.3063,627.1353
1093.523,600.9895
1091.641,629.8608
980.0766,634.4635
944.9854,608.3033
939.0333,616.5302
1091.49,630.3539
204.7532,163.1951
1001.318,620.743
1088.404,626.6962
983.7083,631.2234
1090.951,626.0904
115.4784,73.9317398071289
981.8058,627.0749
982.5437,624.553
978.7074,628.3661
1091.372,630.8718
978.9491,599.0749
95.0835647583008,0.0
996.3024,617.269
1090.915,624.93
1095.678,609.9327
941.2928,615.1893
1065.573,614.4529
1091.075,631.5261
988.7711,601.7994
1090.123,625.1174
1092.564,631.4559
1091.811,630.0179
68.26148,48.399684906005895
990.9863,598.8483
266.1764,179.5949
935.0599,608.7258
1091.744,628.9275
979.9962,599.5613
979.6666,628.7541
982.9522,600.3326
1091.431,626.8505
1106.239,607.2606
1091.917,626.4155
1092.465,626.7987
947.2102,627.1945
950.6491,628.498
951.7275,615.0644
998.1161,628.4711
980.1149,601.5432
980.1968,599.0007
978.9388,625.7831
979.9686,628.4427
950.7669,628.7209
1090.51,626.9216
950.3286,625.8705
1095.883,628.4744
1092.55,631.493
796.403,549.3531
1093.655,629.9886
948.1322,630.0679
949.446,586.2121
1091.025,625.9912
992.8425,598.8495
1087.258,626.189
952.6334,630.7892
1092.93,634.3729
1089.211,628.9431
89.52660999999999,0.0
949.0549,613.063
1089.452,628.4825
949.2507,627.7756
982.2144,601.2582
1004.972,587.5936
953.4277,628.2727
1090.38,629.5588
942.1661,612.4352
173.6757,0.0
1101.123,608.6774
964.3798,630.8593
981.0571,627.137
1092.278,628.4688
1094.436,629.4339
724.5119,420.146
951.3304,611.9767
1092.779,627.2801
1086.737,608.8774
1092.243,629.1367
778.2225,494.0005
1094.955,653.6283
978.5214,629.7077
899.7721,588.5579
997.9749,618.4578
1093.157,628.8846
1089.34,625.0363
1091.947,626.2624
1095.781,626.9322
1091.212,627.585
977.1185,596.6615
981.0994,599.1169
983.2316,601.5524
940.8497,613.4613
977.6903,596.2288
1093.099,631.9476
1091.764,629.6885
999.0812,628.9163
1090.667,626.4859
1084.59,625.9429
1088.488,626.4789
1093.808,627.7599
1092.38,625.5451
426.9285,263.6323
951.3754,627.1833
1112.069,612.752
948.5245,611.7541
976.2756,629.1749
116.453109741211,0.0
953.2078,627.8669
951.4881,600.4124
978.6595,590.1703
1090.938,629.3303
979.4797,600.6155
980.3283,596.9702
980.8927,631.0287
67.23424,0.0
778.6410000000001,503.7981
952.0458,628.3271
979.0281,628.0313
1092.844,626.7877
950.11,627.1008
978.2203,628.0524
951.216,629.5862
946.8192,629.864
1090.071,628.4540000000001
975.6624,596.6415
947.8549,614.0723
991.9434,600.8069
1108.223,611.9406
1087.022,630.6006
987.0955,601.3992
1093.531,626.8675
978.2029,600.0859
983.728,631.1958
953.4995,631.09
980.2703,599.4066
979.8881,628.6544
938.5989,599.1822
1094.457,630.1777
556.0561,319.9441
1094.569,627.6882
978.4558,626.6042
949.4704,629.8553
1089.225,627.5272
951.4312,625.3404
1088.887,627.7266
116.45,0.0
980.0758,598.5877
78.67911,62.48582
188.1111,149.2498
1091.072,626.7717
722.3346,418.0886
1088.805,629.0248
898.7587,587.0535
95.08394,0.0
980.5228,629.3691
401.5306,289.4492
978.1433,599.5626
1089.762,629.3997
1094.727,628.4451
1091.053,627.0021
1109.53,611.4809
1108.477,612.1612
1087.554,627.7344
983.1796,627.045
978.0207,595.8784
982.1311,636.3029
1088.938,627.3181
1088.01,629.3978
953.3657,625.8703
1087.751,631.0873
984.6112,598.0093
978.5422,605.0458
981.8546,629.0902
1112.327,608.4808
1089.295,627.5835
982.6969,628.8735
980.6016,627.9532
959.5601,625.7639
150.3302,151.5986
1090.685,627.9954
105.5749,49.64715
1090.352,627.3251
958.116,626.3795
1091.162,628.4423
1096.189,651.9058
983.2749,600.3786
1091.316,627.1027
1090.23,627.3784
962.9191,627.2142
1092.168,625.8761
995.2695,628.3897
1000.139,632.1166
998.6981,628.2792
262.7109,125.7156
1086.848,630.1021
0.0,85.84806999999999
1090.802,627.1823
983.3042,602.893
1086.806,627.5134
982.816,627.7774
89.28043000000001,11.29386
979.0453,626.9462
1088.273,626.6594
1106.592,629.8744
1093.362,628.9443
1093.4260000000002,629.1274
1093.56,628.7938
993.6298,598.4733
1089.637,626.0258
76.06796,0.0
1090.046,626.3851
948.2553,626.0171
1092.238,628.2518
1089.581,628.2658
979.2411,601.1863
1093.161,629.0009
977.6231,598.8455
953.1723,629.1423
980.0892,631.1927
465.2907,268.4346
1091.221,628.4849
998.3675,617.7206
1105.948,608.0703
1002.677,632.2705
1089.852,627.8197
1001.206,642.9208
1089.1,629.5597
1090.197,630.0682
942.1362,624.0994
1003.684,621.8441
977.7545,598.3908
948.014,630.8621
104.4384,25.46445
980.3528,626.9595
116.3668,0.0
1087.485,626.9984
983.2353,631.1356
1095.228,627.877
984.9039,629.1312
95.0835647583008,0.0
1091.33,626.3085
978.6733,596.7696
1088.81,625.7305
947.9924,627.4866
952.058,613.3451
1092.352,627.7139
1093.568,610.1032
990.8904,601.1931
95.0835647583008,0.0
1089.113,628.8523
1092.702,629.2268
82.99458,0.0
948.2745,626.1838
432.8616,266.082
1094.437,629.8603
1091.675,625.7327
939.6859,588.6492
948.342,611.8176
1088.892,627.9127
1088.944,627.2801
783.2169,533.7233
983.5062,600.9762
1089.171,628.554
67.23422241210939,0.0
983.0568,629.3240000000001
919.8102,587.6878
1001.527,577.8456
846.6847,485.6183
1089.568,564.4335
1096.284,631.6873
929.2314,589.346
1092.062,626.3380000000001
1089.079,627.5853
1091.909,626.2598
1088.062,626.5876
1088.404,628.3496
445.4546,311.2675
1093.94938151042,598.612141927083
943.7549,623.4
981.5611,602.3712
938.9238,616.0624
1091.507,629.2095
1090.069,628.7026
1025.082,591.0067
1089.344,627.1058
1090.367,628.9113
1089.382,609.4639
1109.031,613.2053
978.7498,599.5617
957.0208,627.9633
1097.174,630.7858
1089.975,627.1697
1108.184,609.4302
1090.403,628.3902
1091.001,628.1097
1093.035,628.7349
975.9483,626.179
962.4276,629.9635
1089.246,629.2713
684.7627,394.1776
1108.4,609.2623
977.4191,628.0792
976.4411,625.6324
1065.931,614.0063
950.441,616.1777
1090.84,633.3451
945.8467,612.2751
960.3932,630.9596
1087.854,627.7637
1095.403,629.1138
1092.573,613.1165
982.2587,636.8563
69.84959,88.37935
983.6934,603.5248
1091.583,630.9153
1092.122,628.0331
1091.956,630.1825
978.0076,628.9905
1092.838,626.3412
979.6837,628.8806
113.2286,0.0
977.5192,627.0226
979.1203,600.3448
981.009,627.2222
949.6881,628.3511
975.983,625.6039
938.9341,618.5609
980.2589,627.9275
979.9769,600.0948
1093.991,628.7086
87.81826,47.8548
1000.773,619.332
979.3442,629.3452
95.50131,72.72663
1094.256,627.0532
948.4672,620.6883
800.3101,561.2857
1095.6989999999998,630.9042
623.8136,359.4186
978.1947,599.494
939.9282,613.374
1087.596,629.9655
952.704,627.6085
1091.71,627.1219
950.3262,615.4028
1091.03,629.4403
1090.73,628.6541
1088.251,624.5755
1091.92,628.1206
426.4081,247.8714
1106.6,606.4901
950.3016,628.4255
1093.933,627.4598
944.4603,612.523
1094.243,630.4358
95.08356,0.0
980.6982,588.2216
980.1171,599.2341
163.308,0.0
980.9221,599.5766
961.873,629.5135
1089.827,627.4731
979.0046,628.3292
977.801,630.3567
1108.71,611.5177
980.0057,628.8445
1089.474,630.4999
782.6103,533.9503
1090.542,627.9701
1091.706,626.1745
1090.353,627.0826
980.9109,600.4873
936.944,543.6122
951.192,626.7163
1093.352,628.9503
116.453094482422,0.0
976.8929,598.6417
95.08356,0.0
1091.079,628.03
1001.173,629.6496
158.5195,0.0
1089.663,629.9091
64.33009,79.17728000000001
1091.862,628.2325
1088.57,622.8772
1092.518,624.7852
1092.103,637.1055
1092.306,627.7229
939.5157,621.8173
1093.638,610.0135
997.834,627.7568
1002.454,620.5255
800.7028,512.1087
978.1057,596.9623
961.9047,630.3827
944.3929,612.0897
981.7645,598.7786
979.5186,597.3753
1091.32,627.2547
982.6916,627.7751
979.0964,590.0264
951.5961,631.6321
1087.128,623.8208
981.4813,598.1619999999999
1090.988,628.702
1090.582,628.3283
959.7542,627.9384
977.2967,599.1403
950.5473,611.71
115.2174,61.64046
1093.061,626.7085
553.9169,317.6487
67.23416999999999,0.0
1090.16,628.6798
95.08356,2.747863
951.2448,615.1494
981.3741,602.9068
950.6221,628.7856
1088.734,626.3922
1106.247,612.7598
1110.698,612.0790000000001
981.5067,627.4986
1087.11,651.5873
1087.279,627.6849
981.9053,630.6451
949.1894,622.6285
439.2732,265.2562
1088.024,627.2861
976.1157,597.0909
1092.536,627.2935
980.0817,599.312
1088.613,630.3138
1096.302,626.6647
1088.787,666.5037
999.6151,619.5704
979.9982,601.5699
977.3664,622.6917
1089.156,630.8329
1100.156,630.8522
91.48801,0.0
1089.511,626.2080000000001
1090.146,629.783
95.10811,0.0
263.9763,149.1164
943.6657,613.6381
1106.573,607.9551
949.9485,627.4901
795.0915,555.8875
946.5294,624.9258
1090.992,572.095
1091.211,629.8068
1094.131,627.0592
1087.975,625.8503
1056.114,608.6265
159.3746,123.7355
977.28,599.4604
1088.476,625.2577
981.4362,601.6657
60.89439,54.23993000000001
989.5488,598.9738
1093.132,627.4218
989.5842,596.6934
1095.31,630.7299
1094.613,626.6343
1111.748,614.0202
983.8026,628.4333
74.25027,48.39968
982.0612,629.0902
1088.272,628.6149
156.4643,120.9971
948.4045,625.8677
1087.642,625.8543
947.667,620.6136
1090.69,627.3081
1089.855,614.112
1086.549,626.702
1088.453,625.681
952.893,629.3886
980.3865,626.6114
1091.636,630.7611
981.7845,597.6476
1022.662,592.7211
945.9044,626.6549
983.257,626.3157
1091.555,628.2975
981.5763,599.9106
62.74985,64.80824
958.7935,627.2437
975.5913,627.2079
1087.474,626.0991
1091.439,629.009
1092.864,629.5475
949.4633,613.0881
977.1744,631.6368
952.7951,619.2401
982.1585,629.1635
1089.898,610.1911
945.8049,626.9926
1090.71,629.4454
951.1127,627.5919
984.0343,599.2043
133.6136,0.0
942.2983,591.5095
1088.683,626.8448
988.1741,599.6066
978.3025,629.4817
1088.019,626.101
979.7103,631.5086
1094.149,630.6292
948.8528,611.155
1089.734,626.9301
1088.983,628.8151
1088.319,628.6755
1089.1989999999998,627.5840000000001
1085.858,686.9785
1089.738,626.3725
87.94884,97.54597
1092.19,624.264
979.1673,601.0818
407.8971,287.5263
976.6461,629.2405
979.965,627.8652
941.2079,609.6585
1002.17,619.6046
272.4211,185.6392
980.8431,625.7764
1090.269,624.7021
1088.184,629.4301
955.655,620.5518
1090.782,626.3491
86.69083,62.48471
981.523,627.7684
1106.985,612.736
1093.458,633.3853
980.5848,629.339
1089.309,627.5621
1088.725,628.3204
1092.189,625.6833
1092.3239999999998,631.3895
946.9246,612.7161
982.4847,602.8457
957.6572,628.1913
1094.219,627.1454
1088.047,623.7778
1092.875,628.5448
107.4309,0.0
951.1252,613.3063
989.1592,592.4331
1000.815,631.8306
947.1917,625.0071
1088.913,630.0936
1094.297,629.3983
1064.922,615.5811
978.268,626.6622
1090.888,630.2753
980.9359,601.1137
1092.132,629.3821
682.1289,608.2353
954.5023,629.9927
74.60857,0.0
982.1915,600.913
951.6548,625.3234
1093.664,629.6732
1092.763,631.6655
954.4694,631.3677
949.8163,628.2389
975.5299,630.3373
990.1994,601.2847
950.6573,634.6144
67.23424,0.0
1092.191,629.2499
949.2857,1000.0
940.9578,1000.0
940.9578,1000.0
938.8317,1000.0
941.1267,1000.0
938.7308,1000.0
940.2583,1000.0
940.2782,1000.0
941.496,1000.0
940.2288,1000.0
936.5809,1000.0
941.1008,1000.0
940.1314,1000.0
943.6937,1000.0
939.6399,1000.0
943.7819,1000.0
938.9651,1000.0
941.2817,1000.0
942.1736,1000.0
938.0398,1000.0
940.2598,1000.0
936.1479,1000.0
937.0079,1000.0
939.701,1000.0
939.7341,1000.0
942.4099,1000.0
941.6042,1000.0
940.8719,1000.0
942.2815,1000.0
939.5386,1000.0
942.0942,1000.0
940.4133,1000.0
939.2497,1000.0
939.8365,1000.0
939.3607,1000.0
938.752,1000.0
945.1144,1000.0
940.3673,1000.0
940.1068,1000.0
938.8823,1000.0
942.0178,1000.0
938.4778,1000.0
938.769,1000.0
945.0361,1000.0
938.2809,1000.0
939.6931,1000.0
939.4181,1000.0
942.4579,1000.0
942.4575,1000.0
939.3136,1000.0
942.158,1000.0
941.308,1000.0
939.5024,1000.0
940.0663,1000.0
938.2907,1000.0
939.657,1000.0
942.9898,1000.0
942.0036,1000.0
942.9748,1000.0
940.5646,1000.0
936.0975,1000.0
939.5397,1000.0
939.5397,1000.0
940.7822,1000.0
940.3143,1000.0
939.0676,1000.0
939.819,1000.0
940.0648,1000.0
940.0648,1000.0
939.39,1000.0
939.9518,1000.0
938.6935,1000.0
940.9135,1000.0
943.472,1000.0
941.2662,1000.0
939.6411,1000.0
938.6566,1000.0
940.7352,1000.0
937.4633,1000.0
939.6071,1000.0
940.0679,1000.0
938.9706,1000.0
938.7712,1000.0
942.0047,1000.0
938.9237,1000.0
939.902,1000.0
948.7472,1000.0
940.7096,1000.0
942.18,1000.0
939.227,1000.0
937.5266,1000.0
938.7971,1000.0
942.1749,1000.0
939.8663,1000.0
940.3875,1000.0
941.4794,1000.0
939.192,1000.0
941.7154,1000.0
937.7078,1000.0
942.4522,1000.0
940.7158,1000.0
939.448,1000.0
941.2734,1000.0
943.4359,1000.0
938.9823,1000.0
938.9064,1000.0
939.6695,1000.0
938.4373,1000.0
939.0941,1000.0
940.511,1000.0
940.2671,1000.0
940.1331,1000.0
939.1797,1000.0
942.5044,1000.0
935.8398,1000.0
940.7192,1000.0
936.4287,1000.0
937.9285,1000.0
943.1395,1000.0
954.7057,1000.0
939.3848,1000.0
939.1302,1000.0
939.1302,1000.0
938.7328,1000.0
944.5694,1000.0
940.9386,1000.0
937.9633,1000.0
941.4329,1000.0
940.6629,1000.0
942.8756,1000.0
938.4377,1000.0
938.1613,1000.0
939.9221,1000.0
941.5919,1000.0
939.6241,1000.0
941.4867,1000.0
938.725,1000.0
936.8432,1000.0
937.2256,1000.0
940.3567,1000.0
941.285,1000.0
940.5983,1000.0
941.0204,1000.0
939.8586,1000.0
940.3376,1000.0
938.463,1000.0
938.5971,1000.0
939.5472,1000.0
940.0541,1000.0
939.6525,1000.0
937.65,1000.0
939.7426,1000.0
937.0749,1000.0
941.4738,1000.0
940.4948,1000.0
941.9443,1000.0
939.5353,1000.0
937.0804,1000.0
941.2852,1000.0
940.1332,1000.0
940.6901,1000.0
939.8963,1000.0
943.8397,1000.0
940.0383,1000.0
936.9846,1000.0
940.0612,1000.0
943.6561,1000.0
936.2491,1000.0
942.3341,1000.0
941.7295,1000.0
938.0803,1000.0
941.4048,1000.0
937.9162,1000.0
943.5504,1000.0
939.5304,1000.0
941.3273,1000.0
937.8186,1000.0
939.3631,1000.0
940.3915,1000.0
941.9238,1000.0
941.184,1000.0
942.5695,1000.0
942.5695,1000.0
920.9001,1000.0
940.9154,1000.0
944.3618,1000.0
939.3872,1000.0
935.7678,1000.0
938.5984,1000.0
939.2427,1000.0
931.9178,1000.0
938.2406,1000.0
942.0621,1000.0
939.7478,1000.0
937.778,1000.0
943.2462,1000.0
942.1397,1000.0
938.4963,1000.0
942.3356,1000.0
942.0273,1000.0
940.3043,1000.0
945.2396,1000.0
940.9776,1000.0
940.7014,1000.0
940.4031,1000.0
942.4645,1000.0
939.4837,1000.0
941.3222,1000.0
941.5789,1000.0
939.8542,1000.0
941.0474,1000.0
938.2332,1000.0
937.8658,1000.0
937.8658,1000.0
940.092,1000.0
939.1252,1000.0
942.8377,1000.0
942.2333,1000.0
940.4788,1000.0
960.0496,1000.0
938.829,1000.0
937.5767,1000.0
935.381,1000.0
940.0843,1000.0
931.7914,1000.0
939.2592,1000.0
940.0806,1000.0
938.4705,1000.0
941.8076,1000.0
940.3428,1000.0
941.0963,1000.0
940.9352,1000.0
942.6825,1000.0
941.173,1000.0
941.1553,1000.0
941.9078,1000.0
939.1887,1000.0
945.6599,1000.0
943.1406,1000.0
941.5637,1000.0
940.2944,1000.0
938.3516,1000.0
937.6172,1000.0
937.3674,1000.0
936.5182,1000.0
936.7635,1000.0
940.3496,1000.0
937.5326,1000.0
935.972,1000.0
935.972,1000.0
935.9377,1000.0
941.7328,1000.0
942.6447,1000.0
942.6693,1000.0
944.9739,1000.0
944.454,1000.0
941.8873,1000.0
941.7811,1000.0
938.2492,1000.0
936.436,1000.0
943.3658,1000.0
943.2515,1000.0
940.6138,1000.0
938.9618,1000.0
940.9952,1000.0
942.6263,1000.0
940.2527,1000.0
941.2952,1000.0
941.7286,1000.0
939.5179,1000.0
937.6116,1000.0
940.6597,1000.0
942.4421,1000.0
932.6422,1000.0
938.5898,1000.0
939.2404,1000.0
937.2245,1000.0
941.5827,1000.0
941.6945,1000.0
940.7135,1000.0
941.3556,1000.0
939.2197,1000.0
941.041,1000.0
941.8553,1000.0
941.9289,1000.0
939.6703,1000.0
941.0956,1000.0
940.7031,1000.0
939.5516,1000.0
938.056,1000.0
939.7303,1000.0
941.9829,1000.0
941.9829,1000.0
944.3201,1000.0
941.5651,1000.0
940.4612,1000.0
938.4028,1000.0
942.9607,1000.0
938.5551,1000.0
940.4164,1000.0
943.0212,1000.0
939.2398,1000.0
944.1197,1000.0
936.489,1000.0
941.6888,1000.0
940.4534,1000.0
939.4882,1000.0
940.5991,1000.0
940.1943,1000.0
940.1943,1000.0
938.0883,1000.0
940.6673,1000.0
937.9418,1000.0
935.5094,1000.0
941.8708,1000.0
941.5134,1000.0
941.3356,1000.0
939.9915,1000.0
942.8608,1000.0
935.0939,1000.0
940.8539,1000.0
939.2843,1000.0
940.5483,1000.0
943.8857,1000.0
941.2896,1000.0
941.9119,1000.0
937.4879,1000.0
939.2098,1000.0
940.4668,1000.0
940.2253,1000.0
942.1333,1000.0
942.7016,1000.0
941.2552,1000.0
940.2007,1000.0
942.5575,1000.0
940.0195,1000.0
941.4277,1000.0
937.2497,1000.0
942.239,1000.0
942.5261,1000.0
939.6427,1000.0
938.1055,1000.0
938.6386,1000.0
941.5869,1000.0
935.751,1000.0
933.9705,1000.0
939.1453,1000.0
938.2427,1000.0
939.7388,1000.0
940.9628,1000.0
943.4088,1000.0
938.5217,1000.0
941.5811,1000.0
941.7538,1000.0
935.5913,1000.0
937.8717,1000.0
941.3066,1000.0
941.7537,1000.0
939.2025,1000.0
942.4778,1000.0
939.1443,1000.0
937.6172,1000.0
942.631,1000.0
936.5004,1000.0
939.91,1000.0
943.0165,1000.0
941.3239,1000.0
939.1014,1000.0
942.9171,1000.0
936.7502,1000.0
936.3824,1000.0
938.6413,1000.0
939.087,1000.0
938.7954,1000.0
940.8593,1000.0
939.4023,1000.0
939.4023,1000.0
940.1924,1000.0
937.896,1000.0
940.0397,1000.0
937.0504,1000.0
942.3618,1000.0
938.0544,1000.0
940.8361,1000.0
939.4028,1000.0
938.8832,1000.0
939.2399,1000.0
939.7159,1000.0
939.3433,1000.0
944.1271,1000.0
938.7444,1000.0
942.7543,1000.0
938.0329,1000.0
939.4948,1000.0
941.6328,1000.0
942.0554,1000.0
940.5591,1000.0
938.9581,1000.0
939.2118,1000.0
943.3751,1000.0
939.444,1000.0
942.2504,1000.0
936.5674,1000.0
937.323,1000.0
937.9301,1000.0
942.4841,1000.0
938.8792,1000.0
939.8215,1000.0
941.7639,1000.0
941.5547,1000.0
939.0663,1000.0
942.6713,1000.0
940.9913,1000.0
941.3551,1000.0
943.0297,1000.0
939.5042,1000.0
939.5969,1000.0
941.2368,1000.0
941.0237,1000.0
935.7108,1000.0
937.0753,1000.0
935.8856,1000.0
937.8355,1000.0
940.1564,1000.0
938.0932,1000.0
941.0717,1000.0
940.8683,1000.0
937.7612,1000.0
937.7612,1000.0
935.9854,1000.0
939.8669,1000.0
936.5625,1000.0
937.9808,1000.0
939.8912,1000.0
941.8143,1000.0
941.3773,1000.0
941.3773,1000.0
941.3773,1000.0
939.6731,1000.0
938.0288,1000.0
938.6251,1000.0
942.7108,1000.0
942.2825,1000.0
937.2467,1000.0
944.1456,1000.0
942.1626,1000.0
941.8409,1000.0
936.3777,1000.0
942.4785,1000.0
939.3053,1000.0
941.4064,1000.0
939.9828,1000.0
942.8418,1000.0
943.0973,1000.0
939.3969,1000.0
940.47,1000.0
940.47,1000.0
940.8127,1000.0
939.5677,1000.0
941.251,1000.0
939.4879,1000.0
941.8929,1000.0
939.807,1000.0
938.1661,1000.0
939.6265,1000.0
936.6957,1000.0
942.9883,1000.0
942.2521,1000.0
940.4612,1000.0
938.814,1000.0
938.142,1000.0
939.232,1000.0
937.6304,1000.0
939.4363,1000.0
941.2571,1000.0
942.8585,1000.0
940.6743,1000.0
941.1315,1000.0
941.073,1000.0
936.0173,1000.0
939.0324,1000.0
940.2924,1000.0
941.7046,1000.0
941.7046,1000.0
942.1714,1000.0
938.2087,1000.0
938.4035,1000.0
940.1422,1000.0
941.8685,1000.0
936.4053,1000.0
943.7759,1000.0
941.9508,1000.0
943.4208,1000.0
941.558,1000.0
939.3511,1000.0
942.6608,1000.0
942.6608,1000.0
941.0114,1000.0
938.6173,1000.0
939.5172,1000.0
939.1086,1000.0
940.8286,1000.0
938.3698,1000.0
937.4326,1000.0
940.114,1000.0
938.5054,1000.0
942.2842,1000.0
938.1735,1000.0
941.485,1000.0
938.947,1000.0
938.5234,1000.0
942.0424,1000.0
940.4246,1000.0
939.796,1000.0
941.1574,1000.0
943.1708,1000.0
940.9271,1000.0
941.1877,1000.0
939.561,1000.0
940.1861,1000.0
943.4781,1000.0
938.7839,1000.0
938.7839,1000.0
941.2096,1000.0
938.0165,1000.0
935.5093,1000.0
940.6151,1000.0
936.8908,1000.0
940.6557,1000.0
937.0776,1000.0
935.2205,1000.0
945.4305,1000.0
943.5172,1000.0
939.6971,1000.0
939.2982,1000.0
944.2275,1000.0
942.3439,1000.0
940.6245,1000.0
940.0886,1000.0
940.2205,1000.0
939.5905,1000.0
937.3542,1000.0
940.7659,1000.0
939.528,1000.0
944.35,1000.0
943.6798,1000.0
940.5933,1000.0
936.6171,1000.0
937.3563,1000.0
937.7612,1000.0
940.6097,1000.0
938.5029,1000.0
939.1989,1000.0
945.3756,1000.0
942.3191,1000.0
939.9193,1000.0
939.9193,1000.0
939.7749,1000.0
938.6467,1000.0
943.0403,1000.0
939.9696,1000.0
940.8345,1000.0
939.7509,1000.0
937.8185,1000.0
939.5859,1000.0
939.6754,1000.0
939.8362,1000.0
933.5804,1000.0
939.0624,1000.0
939.7234,1000.0
943.986,1000.0
939.6024,1000.0
935.3267,1000.0
943.1098,1000.0
943.8376,1000.0
940.9618,1000.0
941.0196,1000.0
943.5816,1000.0
941.683,1000.0
941.683,1000.0
941.3254,1000.0
940.6552,1000.0
942.2133,1000.0
943.0498,1000.0
944.8189,1000.0
941.7772,1000.0
939.7679,1000.0
940.1639,1000.0
949.3328,1000.0
938.0468,1000.0
939.8918,1000.0
938.8295,1000.0
943.23,1000.0
944.7115,1000.0
937.7416,1000.0
942.3623,1000.0
940.7036,1000.0
942.5212,1000.0
942.6859,1000.0
943.5021,1000.0
941.4978,1000.0
937.7499,1000.0
940.1561,1000.0
941.7282,1000.0
941.3538,1000.0
940.6237,1000.0
942.3467,1000.0
946.1597,1000.0
941.8256,1000.0
943.0967,1000.0
940.9163,1000.0
937.8047,1000.0
941.9344,1000.0
938.7084,1000.0
939.3234,1000.0
938.6197,1000.0
938.6197,1000.0
936.7343,1000.0
939.674,1000.0
941.4456,1000.0
939.758,1000.0
939.6877,1000.0
940.236,1000.0
938.4999,1000.0
940.8329,1000.0
938.0588,1000.0
938.6277,1000.0
939.6158,1000.0
941.2795,1000.0
942.8428,1000.0
941.8633,1000.0
940.1404,1000.0
944.4689,1000.0
936.7749,1000.0
939.9849,1000.0
943.5509,1000.0
941.082,1000.0
940.6758,1000.0
942.4663,1000.0
942.4663,1000.0
942.181,1000.0
940.1262,1000.0
940.6218,1000.0
936.1734,1000.0
936.122,1000.0
940.2573,1000.0
936.8771,1000.0
937.6898,1000.0
986.8278,1000.0
977.9885,1000.0
975.9233,1000.0
980.9217,1000.0
971.9717,1000.0
975.4465,1000.0
979.616,1000.0
978.7446,1000.0
979.4835,1000.0
982.3314,1000.0
976.8207,1000.0
969.3948,1000.0
976.209,1000.0
982.8918,1000.0
984.7836,1000.0
981.2139,1000.0
979.3512,1000.0
974.8486,1000.0
979.8741,1000.0
981.0092,1000.0
979.7477,1000.0
976.7958,1000.0
976.7958,1000.0
977.694,1000.0
978.1333,1000.0
979.3272,1000.0
972.2048,1000.0
979.7618,1000.0
980.6463,1000.0
980.665,1000.0
979.2612,1000.0
980.4985,1000.0
977.6581,1000.0
978.4748,1000.0
977.2521,1000.0
980.4502,1000.0
982.0819,1000.0
980.4563,1000.0
980.1965,1000.0
983.1564,1000.0
980.121,1000.0
979.8221,1000.0
980.5744,1000.0
980.176,1000.0
982.8336,1000.0
978.8702,1000.0
980.243,1000.0
980.7754,1000.0
983.6992,1000.0
979.2844,1000.0
981.1453,1000.0
979.585,1000.0
979.8735,1000.0
976.5447,1000.0
979.2482,1000.0
979.0281,1000.0
977.7512,1000.0
982.0057,1000.0
980.1427,1000.0
982.0281,1000.0
975.5729,1000.0
986.1199,1000.0
977.8808,1000.0
983.3873,1000.0
981.337,1000.0
979.9101,1000.0
981.3837,1000.0
980.4402,1000.0
981.5253,1000.0
982.2623,1000.0
983.625,1000.0
982.5289,1000.0
979.8609,1000.0
982.438,1000.0
981.4191,1000.0
980.1223,1000.0
979.2885,1000.0
981.1968,1000.0
977.9662,1000.0
977.1185,1000.0
972.5901,1000.0
980.6377,1000.0
980.6377,1000.0
978.6127,1000.0
979.564,1000.0
978.5067,1000.0
976.0899,1000.0
975.436,1000.0
982.5532,1000.0
979.8455,1000.0
979.9085,1000.0
981.7292,1000.0
980.3818,1000.0
984.7435,1000.0
981.3698,1000.0
978.8215,1000.0
978.6802,1000.0
976.8618,1000.0
981.5439,1000.0
981.628,1000.0
978.9408,1000.0
977.6502,1000.0
979.7191,1000.0
977.4211,1000.0
979.4523,1000.0
979.6334,1000.0
976.364,1000.0
981.074,1000.0
977.2601,1000.0
